timeframe,player_id,x,y,team_id,vx,vy
0,1,55.991,15.054,0,0.000,-0.000
1,1,55.991,15.054,0,0.000,-0.000
2,1,55.991,15.054,0,0.000,-0.000
3,1,55.991,15.054,0,0.000,-0.000
4,1,55.991,15.054,0,0.000,-0.000
5,1,55.991,15.054,0,0.000,-0.000
6,1,55.991,15.054,0,0.000,-0.000
7,1,55.991,15.054,0,0.000,-0.000
8,1,55.991,15.054,0,0.000,-0.000
9,1,55.991,15.054,0,0.000,-0.000
10,1,55.991,15.054,0,0.000,-0.000
11,1,55.991,15.054,0,0.000,-0.000
12,1,55.991,15.054,0,0.000,-0.000
13,1,55.991,15.054,0,0.000,-0.000
14,1,55.991,15.054,0,0.000,-0.000
15,1,55.991,15.054,0,0.000,-0.000
16,1,55.991,15.054,0,0.000,-0.000
17,1,55.991,15.054,0,0.000,-0.000
18,1,55.991,15.054,0,0.000,-0.000
19,1,55.991,15.054,0,0.000,-0.000
20,1,55.991,15.054,0,0.000,-0.000
21,1,55.991,15.054,0,0.000,-0.000
22,1,55.991,15.054,0,0.000,-0.000
23,1,55.991,15.054,0,0.000,-0.000
24,1,55.991,15.054,0,0.000,-0.000
25,1,55.991,15.054,0,0.000,-0.000
26,1,55.991,15.054,0,0.000,-0.000
27,1,55.991,15.054,0,0.000,-0.000
28,1,55.991,15.054,0,0.000,-0.000
29,1,55.991,15.054,0,0.000,-0.000
30,1,55.991,15.054,0,0.000,-0.000
31,1,55.991,15.054,0,0.000,-0.000
32,1,55.991,15.054,0,0.000,-0.000
33,1,55.991,15.054,0,0.000,-0.000
34,1,55.991,15.054,0,0.000,-0.000
35,1,55.991,15.054,0,0.000,-0.000
36,1,55.991,15.054,0,0.000,-0.000
37,1,55.991,15.054,0,0.000,-0.000
38,1,55.991,15.054,0,0.000,-0.000
39,1,55.991,15.054,0,0.000,-0.000
40,1,55.991,15.054,0,0.000,-0.000
41,1,55.991,15.054,0,0.000,-0.000
42,1,55.991,15.054,0,0.000,-0.000
43,1,55.991,15.054,0,0.000,-0.000
44,1,55.991,15.054,0,0.000,-0.000
45,1,55.991,15.054,0,0.000,-0.000
46,1,55.991,15.054,0,0.000,-0.000
47,1,55.991,15.054,0,0.000,-0.000
48,1,55.991,15.054,0,0.000,-0.000
49,1,55.991,15.054,0,0.000,-0.000
50,1,55.991,15.054,0,0.000,-0.000
51,1,55.991,15.054,0,0.000,-0.000
52,1,55.991,15.054,0,0.000,-0.000
53,1,55.991,15.054,0,0.000,-0.000
54,1,55.991,15.054,0,0.000,-0.000
55,1,55.991,15.054,0,0.000,-0.000
56,1,55.991,15.054,0,0.000,-0.000
57,1,55.991,15.054,0,0.000,-0.000
58,1,55.991,15.054,0,0.000,-0.000
59,1,55.991,15.054,0,0.000,-0.000
60,1,55.991,15.054,0,0.000,-0.000
61,1,55.991,15.054,0,0.000,-0.000
62,1,55.991,15.054,0,0.000,-0.000
63,1,55.991,15.054,0,0.000,-0.000
64,1,55.991,15.054,0,0.000,-0.000
65,1,55.991,15.054,0,0.000,-0.000
66,1,55.991,15.054,0,0.000,-0.000
67,1,55.991,15.054,0,0.000,-0.000
68,1,55.991,15.054,0,0.000,-0.000
69,1,55.991,15.054,0,0.000,-0.000
70,1,55.991,15.054,0,0.000,-0.000
71,1,55.991,15.054,0,0.000,-0.000
72,1,55.991,15.054,0,0.000,-0.000
73,1,55.991,15.054,0,0.000,-0.000
74,1,55.991,15.054,0,0.000,-0.000
75,1,55.991,15.054,0,0.000,-0.000
76,1,55.991,15.054,0,0.000,-0.000
77,1,55.991,15.054,0,0.000,-0.000
78,1,55.991,15.054,0,0.000,-0.000
79,1,55.991,15.054,0,0.000,-0.000
80,1,55.991,15.054,0,0.000,-0.000
81,1,55.991,15.054,0,0.000,-0.000
82,1,55.991,15.054,0,0.000,-0.000
83,1,55.991,15.054,0,0.000,-0.000
84,1,55.991,15.054,0,0.000,-0.000
85,1,55.991,15.054,0,0.000,-0.000
86,1,55.991,15.054,0,0.000,-0.000
87,1,55.991,15.054,0,0.000,-0.000
88,1,55.991,15.054,0,0.000,-0.000
89,1,55.991,15.054,0,0.000,-0.000
90,1,55.991,15.054,0,0.000,-0.000
91,1,55.991,15.054,0,0.000,-0.000
92,1,55.991,15.054,0,0.000,-0.000
93,1,55.991,15.054,0,0.000,-0.000
94,1,55.991,15.054,0,0.000,-0.000
95,1,55.991,15.054,0,0.000,-0.000
96,1,55.991,15.054,0,0.000,-0.000
97,1,55.991,15.054,0,0.000,-0.000
98,1,55.991,15.054,0,0.000,-0.000
99,1,55.991,15.054,0,0.000,-0.000
100,1,55.991,15.054,0,0.000,-0.000
101,1,55.991,15.054,0,0.000,-0.000
102,1,55.991,15.054,0,0.000,-0.000
103,1,55.991,15.054,0,0.000,-0.000
104,1,55.991,15.054,0,0.000,-0.000
105,1,55.991,15.054,0,0.000,-0.000
106,1,55.991,15.054,0,0.000,-0.000
107,1,55.991,15.054,0,0.000,-0.000
108,1,55.991,15.054,0,0.000,-0.000
109,1,55.991,15.054,0,0.000,-0.000
110,1,55.991,15.054,0,0.000,-0.000
111,1,55.991,15.054,0,0.000,-0.000
112,1,55.991,15.054,0,0.000,-0.000
113,1,55.991,15.054,0,0.000,-0.000
114,1,55.991,15.054,0,0.000,-0.000
115,1,55.991,15.054,0,0.000,-0.000
116,1,55.991,15.054,0,0.000,-0.000
117,1,55.991,15.054,0,0.000,-0.000
118,1,55.991,15.054,0,0.000,-0.000
119,1,55.991,15.054,0,0.000,-0.000
120,1,55.991,15.054,0,0.000,-0.000
121,1,55.991,15.054,0,0.000,-0.000
122,1,55.991,15.054,0,0.000,-0.000
123,1,55.991,15.054,0,0.000,-0.000
124,1,55.991,15.054,0,0.000,-0.000
125,1,55.991,15.054,0,0.000,-0.000
126,1,55.991,15.054,0,0.000,-0.000
127,1,55.991,15.054,0,0.000,-0.000
128,1,55.991,15.054,0,0.000,-0.000
129,1,55.991,15.054,0,0.000,-0.000
130,1,55.991,15.054,0,0.000,-0.000
131,1,55.991,15.054,0,0.000,-0.000
132,1,55.991,15.054,0,0.000,-0.000
133,1,55.991,15.054,0,0.000,-0.000
134,1,55.991,15.054,0,0.000,-0.000
135,1,55.991,15.054,0,0.000,-0.000
136,1,55.991,15.054,0,0.000,-0.000
137,1,55.991,15.054,0,0.000,-0.000
138,1,55.991,15.054,0,0.000,-0.000
139,1,55.991,15.054,0,0.000,-0.000
140,1,55.991,15.054,0,0.000,-0.000
141,1,55.991,15.054,0,0.000,-0.000
142,1,55.991,15.054,0,0.000,-0.000
143,1,55.991,15.054,0,0.000,-0.000
144,1,55.991,15.054,0,0.000,-0.000
145,1,55.991,15.054,0,0.000,-0.000
146,1,55.991,15.054,0,0.000,-0.000
147,1,55.991,15.054,0,0.000,-0.000
148,1,55.991,15.054,0,0.000,-0.000
149,1,55.991,15.054,0,0.000,-0.000
150,1,55.991,15.054,0,0.000,-0.000
151,1,55.991,15.054,0,0.000,-0.000
152,1,55.991,15.054,0,0.000,-0.000
153,1,55.991,15.054,0,0.000,-0.000
154,1,55.991,15.054,0,0.000,-0.000
155,1,55.991,15.054,0,0.000,-0.000
156,1,55.991,15.054,0,0.000,-0.000
157,1,55.991,15.054,0,0.000,-0.000
158,1,55.991,15.054,0,0.000,-0.000
159,1,55.991,15.054,0,0.000,-0.000
160,1,55.991,15.054,0,0.000,-0.000
161,1,55.991,15.054,0,0.000,-0.000
162,1,55.991,15.054,0,0.000,-0.000
163,1,55.991,15.054,0,0.000,-0.000
164,1,55.991,15.054,0,0.000,-0.000
165,1,55.991,15.054,0,0.000,-0.000
166,1,55.991,15.054,0,0.000,-0.000
167,1,55.991,15.054,0,0.000,-0.000
168,1,55.991,15.054,0,0.000,-0.000
169,1,55.991,15.054,0,0.000,-0.000
170,1,55.991,15.054,0,0.000,-0.000
171,1,55.991,15.054,0,0.000,-0.000
172,1,55.991,15.054,0,0.000,-0.000
173,1,55.991,15.054,0,0.000,-0.000
174,1,55.991,15.054,0,0.000,-0.000
175,1,55.991,15.054,0,0.000,-0.000
176,1,55.991,15.054,0,0.000,-0.000
177,1,55.991,15.054,0,0.000,-0.000
178,1,55.991,15.054,0,0.000,-0.000
179,1,55.991,15.054,0,0.000,-0.000
180,1,55.991,15.054,0,0.000,-0.000
181,1,55.991,15.054,0,0.000,-0.000
182,1,55.991,15.054,0,0.000,-0.000
183,1,55.991,15.054,0,0.000,-0.000
184,1,55.991,15.054,0,0.000,-0.000
185,1,55.991,15.054,0,0.000,-0.000
186,1,55.991,15.054,0,0.000,-0.000
187,1,55.991,15.054,0,0.000,-0.000
188,1,55.991,15.054,0,0.000,-0.000
189,1,55.991,15.054,0,0.000,-0.000
190,1,55.991,15.054,0,0.000,-0.000
191,1,55.991,15.054,0,0.000,-0.000
192,1,55.991,15.054,0,0.000,-0.000
193,1,55.991,15.054,0,0.000,-0.000
194,1,55.991,15.054,0,0.000,-0.000
195,1,55.991,15.054,0,0.000,-0.000
196,1,55.991,15.054,0,0.000,-0.000
197,1,55.991,15.054,0,0.000,-0.000
198,1,55.991,15.054,0,0.000,-0.000
199,1,55.991,15.054,0,0.000,-0.000
200,1,55.991,15.054,0,0.000,-0.000
201,1,55.991,15.054,0,0.000,-0.000
202,1,55.991,15.054,0,0.000,-0.000
203,1,55.991,15.054,0,0.000,-0.000
204,1,55.991,15.054,0,0.000,-0.000
205,1,55.991,15.054,0,0.000,-0.000
206,1,55.991,15.054,0,0.000,-0.000
207,1,55.991,15.054,0,0.000,-0.000
208,1,55.991,15.054,0,0.000,-0.000
209,1,55.991,15.054,0,0.000,-0.000
210,1,55.991,15.054,0,0.000,-0.000
211,1,55.991,15.054,0,0.000,-0.000
212,1,55.991,15.054,0,0.000,-0.000
213,1,55.991,15.054,0,0.000,-0.000
214,1,55.991,15.054,0,0.000,-0.000
215,1,55.991,15.054,0,0.000,-0.000
216,1,55.991,15.054,0,0.000,-0.000
217,1,55.991,15.054,0,0.000,-0.000
218,1,55.991,15.054,0,0.000,-0.000
219,1,55.991,15.054,0,0.000,-0.000
220,1,55.991,15.054,0,0.000,-0.000
221,1,55.991,15.054,0,0.000,-0.000
222,1,55.991,15.054,0,0.000,-0.000
223,1,55.991,15.054,0,0.000,-0.000
224,1,55.991,15.054,0,0.000,-0.000
225,1,55.991,15.054,0,0.000,-0.000
226,1,55.991,15.054,0,0.000,-0.000
227,1,55.991,15.054,0,0.000,-0.000
228,1,55.991,15.054,0,0.000,-0.000
229,1,55.991,15.054,0,0.000,-0.000
230,1,55.991,15.054,0,0.000,-0.000
231,1,55.991,15.054,0,0.000,-0.000
232,1,55.991,15.054,0,0.000,-0.000
233,1,55.991,15.054,0,0.000,-0.000
234,1,55.991,15.054,0,0.000,-0.000
235,1,55.991,15.054,0,0.000,-0.000
236,1,55.991,15.054,0,0.000,-0.000
237,1,55.991,15.054,0,0.000,-0.000
238,1,55.991,15.054,0,0.000,-0.000
239,1,55.991,15.054,0,0.000,-0.000
240,1,55.991,15.054,0,0.000,-0.000
241,1,55.991,15.054,0,0.000,-0.000
242,1,55.991,15.054,0,0.000,-0.000
243,1,55.991,15.054,0,0.000,-0.000
244,1,55.991,15.054,0,0.000,-0.000
245,1,55.991,15.054,0,0.000,-0.000
246,1,55.991,15.054,0,0.000,-0.000
247,1,55.991,15.054,0,0.000,-0.000
248,1,55.991,15.054,0,0.000,-0.000
249,1,55.991,15.054,0,0.000,-0.000
250,1,55.991,15.054,0,0.000,-0.000
251,1,55.991,15.054,0,0.000,-0.000
252,1,55.991,15.054,0,0.000,-0.000
253,1,55.991,15.054,0,0.000,-0.000
254,1,55.991,15.054,0,0.000,-0.000
255,1,55.991,15.054,0,0.000,-0.000
256,1,55.991,15.054,0,0.000,-0.000
257,1,55.991,15.054,0,0.000,-0.000
258,1,55.991,15.054,0,0.000,-0.000
259,1,55.991,15.054,0,0.000,-0.000
260,1,55.991,15.054,0,0.000,-0.000
261,1,55.991,15.054,0,0.000,-0.000
262,1,55.991,15.054,0,0.000,-0.000
263,1,55.991,15.054,0,0.000,-0.000
264,1,55.991,15.054,0,0.000,-0.000
265,1,55.991,15.054,0,0.000,-0.000
266,1,55.991,15.054,0,0.000,-0.000
267,1,55.991,15.054,0,0.000,-0.000
268,1,55.991,15.054,0,0.000,-0.000
269,1,55.991,15.054,0,0.000,-0.000
270,1,55.991,15.054,0,0.000,-0.000
271,1,55.991,15.054,0,0.000,-0.000
272,1,55.991,15.054,0,0.000,-0.000
273,1,55.991,15.054,0,0.000,-0.000
274,1,55.991,15.054,0,0.000,-0.000
275,1,55.991,15.054,0,0.000,-0.000
276,1,55.991,15.054,0,0.000,-0.000
277,1,55.991,15.054,0,0.000,-0.000
278,1,55.991,15.054,0,0.000,-0.000
279,1,55.991,15.054,0,0.000,-0.000
280,1,55.991,15.054,0,0.000,-0.000
281,1,55.991,15.054,0,0.000,-0.000
282,1,55.991,15.054,0,0.000,-0.000
283,1,55.991,15.054,0,0.000,-0.000
284,1,55.991,15.054,0,0.000,-0.000
285,1,55.991,15.054,0,0.000,-0.000
286,1,55.991,15.054,0,0.000,-0.000
287,1,55.991,15.054,0,0.000,-0.000
288,1,55.991,15.054,0,0.000,-0.000
289,1,55.991,15.054,0,0.000,-0.000
290,1,55.991,15.054,0,0.000,-0.000
291,1,55.991,15.054,0,0.000,-0.000
292,1,55.991,15.054,0,0.000,-0.000
293,1,55.991,15.054,0,0.000,-0.000
294,1,55.991,15.054,0,0.000,-0.000
295,1,55.991,15.054,0,0.000,-0.000
296,1,55.991,15.054,0,0.000,-0.000
297,1,55.991,15.054,0,0.000,-0.000
298,1,55.991,15.054,0,0.000,-0.000
299,1,55.991,15.054,0,0.000,-0.000
300,1,55.991,15.054,0,0.000,-0.000
301,1,55.991,15.054,0,0.000,-0.000
302,1,55.991,15.054,0,0.000,-0.000
303,1,55.991,15.054,0,0.000,-0.000
304,1,55.991,15.054,0,0.000,-0.000
305,1,55.991,15.054,0,0.000,-0.000
306,1,55.991,15.054,0,0.000,-0.000
307,1,55.991,15.054,0,0.000,-0.000
308,1,55.991,15.054,0,0.000,-0.000
309,1,55.991,15.054,0,0.000,-0.000
310,1,55.991,15.054,0,0.000,-0.000
311,1,55.991,15.054,0,0.000,-0.000
312,1,55.991,15.054,0,0.000,-0.000
313,1,55.991,15.054,0,0.000,-0.000
314,1,55.991,15.054,0,0.000,-0.000
315,1,55.991,15.054,0,0.000,-0.000
316,1,55.991,15.054,0,0.000,-0.000
317,1,55.991,15.054,0,0.000,-0.000
318,1,55.991,15.054,0,0.000,-0.000
319,1,55.991,15.054,0,0.000,-0.000
320,1,55.991,15.054,0,0.000,-0.000
321,1,55.991,15.054,0,0.000,-0.000
322,1,55.991,15.054,0,0.000,-0.000
323,1,55.991,15.054,0,0.000,-0.000
324,1,55.991,15.054,0,0.000,-0.000
325,1,55.991,15.054,0,0.000,-0.000
326,1,55.991,15.054,0,0.000,-0.000
327,1,55.991,15.054,0,0.000,-0.000
328,1,55.991,15.054,0,0.000,-0.000
329,1,55.991,15.054,0,0.000,-0.000
330,1,55.991,15.054,0,0.000,-0.000
331,1,55.991,15.054,0,0.000,-0.000
332,1,55.991,15.054,0,0.000,-0.000
333,1,55.991,15.054,0,0.000,-0.000
334,1,55.991,15.054,0,0.000,-0.000
335,1,55.991,15.054,0,0.000,-0.000
336,1,55.991,15.054,0,0.000,-0.000
337,1,55.991,15.054,0,0.000,-0.000
338,1,55.991,15.054,0,0.000,-0.000
339,1,55.991,15.054,0,0.000,-0.000
340,1,55.991,15.054,0,0.000,-0.000
341,1,55.991,15.054,0,0.000,-0.000
342,1,55.991,15.054,0,0.000,-0.000
343,1,55.991,15.054,0,0.000,-0.000
344,1,55.991,15.054,0,0.000,-0.000
345,1,55.991,15.054,0,0.000,-0.000
346,1,55.991,15.054,0,0.000,-0.000
347,1,55.991,15.054,0,0.000,-0.000
348,1,55.991,15.054,0,0.000,-0.000
349,1,55.991,15.054,0,0.000,-0.000
350,1,55.991,15.054,0,0.000,-0.000
351,1,55.991,15.054,0,0.000,-0.000
352,1,55.991,15.054,0,0.000,-0.000
353,1,55.991,15.054,0,0.000,-0.000
354,1,55.991,15.054,0,0.000,-0.000
355,1,55.991,15.054,0,0.000,-0.000
356,1,55.991,15.054,0,0.000,-0.000
357,1,55.991,15.054,0,0.000,-0.000
358,1,55.991,15.054,0,0.000,-0.000
359,1,55.991,15.054,0,0.000,-0.000
360,1,55.991,15.054,0,0.000,-0.000
361,1,55.991,15.054,0,0.000,-0.000
362,1,55.991,15.054,0,0.000,-0.000
363,1,55.991,15.054,0,0.000,-0.000
364,1,55.991,15.054,0,0.000,-0.000
365,1,55.991,15.054,0,0.000,-0.000
366,1,55.991,15.054,0,0.000,-0.000
367,1,55.991,15.054,0,0.000,-0.000
368,1,55.991,15.054,0,0.000,-0.000
369,1,55.991,15.054,0,0.000,-0.000
370,1,55.991,15.054,0,0.000,-0.000
371,1,55.991,15.054,0,0.000,-0.000
372,1,55.991,15.054,0,0.000,-0.000
373,1,55.991,15.054,0,0.000,-0.000
374,1,55.991,15.054,0,0.000,-0.000
375,1,55.991,15.054,0,0.000,-0.000
376,1,55.991,15.054,0,0.000,-0.000
377,1,55.991,15.054,0,0.000,-0.000
378,1,55.991,15.054,0,0.000,-0.000
379,1,55.991,15.054,0,0.000,-0.000
380,1,55.991,15.054,0,0.000,-0.000
381,1,55.991,15.054,0,0.000,-0.000
382,1,55.991,15.054,0,0.000,-0.000
383,1,55.991,15.054,0,0.000,-0.000
384,1,55.991,15.054,0,0.000,-0.000
385,1,55.991,15.054,0,0.000,-0.000
386,1,55.991,15.054,0,0.000,-0.000
387,1,55.991,15.054,0,0.000,-0.000
388,1,55.991,15.054,0,0.000,-0.000
389,1,55.991,15.054,0,0.000,-0.000
390,1,55.991,15.054,0,0.000,-0.000
391,1,55.991,15.054,0,0.000,-0.000
392,1,55.991,15.054,0,0.000,-0.000
393,1,55.991,15.054,0,0.000,-0.000
394,1,55.991,15.054,0,0.000,-0.000
395,1,55.991,15.054,0,0.000,-0.000
396,1,55.991,15.054,0,0.000,-0.000
397,1,55.991,15.054,0,0.000,-0.000
398,1,55.991,15.054,0,0.000,-0.000
399,1,55.991,15.054,0,0.000,-0.000
400,1,55.991,15.054,0,0.000,-0.000
401,1,55.991,15.054,0,0.000,-0.000
402,1,55.991,15.054,0,0.000,-0.000
403,1,55.991,15.054,0,0.000,-0.000
404,1,55.991,15.054,0,0.000,-0.000
405,1,55.991,15.054,0,0.000,-0.000
406,1,55.991,15.054,0,0.000,-0.000
407,1,55.991,15.054,0,0.000,-0.000
408,1,55.991,15.054,0,0.000,-0.000
409,1,55.991,15.054,0,0.000,-0.000
410,1,55.991,15.054,0,0.000,-0.000
411,1,55.991,15.054,0,0.000,-0.000
412,1,55.991,15.054,0,0.000,-0.000
413,1,55.991,15.054,0,0.000,-0.000
414,1,55.991,15.054,0,0.000,-0.000
415,1,55.991,15.054,0,0.000,-0.000
416,1,55.991,15.054,0,0.000,-0.000
417,1,55.991,15.054,0,0.000,-0.000
418,1,55.991,15.054,0,0.000,-0.000
419,1,55.991,15.054,0,0.000,-0.000
420,1,55.991,15.054,0,0.000,-0.000
421,1,55.991,15.054,0,0.000,-0.000
422,1,55.991,15.054,0,0.000,-0.000
423,1,55.991,15.054,0,0.000,-0.000
424,1,55.991,15.054,0,0.000,-0.000
425,1,55.991,15.054,0,0.000,-0.000
426,1,55.991,15.054,0,0.000,-0.000
427,1,55.991,15.054,0,0.000,-0.000
428,1,55.991,15.054,0,0.000,-0.000
429,1,55.991,15.054,0,0.000,-0.000
430,1,55.991,15.054,0,0.000,-0.000
431,1,55.991,15.054,0,0.000,-0.000
432,1,55.991,15.054,0,0.000,-0.000
433,1,55.991,15.054,0,0.000,-0.000
434,1,55.991,15.054,0,0.000,-0.000
435,1,55.991,15.054,0,0.000,-0.000
436,1,55.991,15.054,0,0.000,-0.000
437,1,55.991,15.054,0,0.000,-0.000
438,1,55.991,15.054,0,0.000,-0.000
439,1,55.991,15.054,0,0.000,-0.000
440,1,55.991,15.054,0,0.000,-0.000
441,1,55.991,15.054,0,0.000,-0.000
442,1,55.991,15.054,0,0.000,-0.000
443,1,55.991,15.054,0,0.000,-0.000
444,1,55.991,15.054,0,0.000,-0.000
445,1,55.991,15.054,0,0.000,-0.000
446,1,55.991,15.054,0,0.000,-0.000
447,1,55.991,15.054,0,0.000,-0.000
448,1,55.991,15.054,0,0.000,-0.000
449,1,55.991,15.054,0,0.000,-0.000
450,1,55.991,15.054,0,0.000,-0.000
451,1,55.991,15.054,0,0.000,-0.000
452,1,55.991,15.054,0,0.000,-0.000
453,1,55.991,15.054,0,0.000,-0.000
454,1,55.991,15.054,0,0.000,-0.000
455,1,55.991,15.054,0,0.000,-0.000
456,1,55.991,15.054,0,0.000,-0.000
457,1,55.991,15.054,0,0.000,-0.000
458,1,55.991,15.054,0,0.000,-0.000
459,1,55.991,15.054,0,0.000,-0.000
460,1,55.991,15.054,0,0.000,-0.000
461,1,55.991,15.054,0,0.000,-0.000
462,1,55.991,15.054,0,0.000,-0.000
463,1,55.991,15.054,0,0.000,-0.000
464,1,55.991,15.054,0,0.000,-0.000
465,1,55.991,15.054,0,0.000,-0.000
466,1,55.991,15.054,0,0.000,-0.000
467,1,55.991,15.054,0,0.000,-0.000
468,1,55.991,15.054,0,0.000,-0.000
469,1,55.991,15.054,0,0.000,-0.000
470,1,55.991,15.054,0,0.000,-0.000
471,1,55.991,15.054,0,0.000,-0.000
472,1,55.991,15.054,0,0.000,-0.000
473,1,55.991,15.054,0,0.000,-0.000
474,1,55.991,15.054,0,0.000,-0.000
475,1,55.991,15.054,0,0.000,-0.000
476,1,55.991,15.054,0,0.000,-0.000
477,1,55.991,15.054,0,0.000,-0.000
478,1,55.991,15.054,0,0.000,-0.000
479,1,55.991,15.054,0,0.000,-0.000
480,1,55.991,15.054,0,0.000,-0.000
481,1,55.991,15.054,0,0.000,-0.000
482,1,55.991,15.054,0,0.000,-0.000
483,1,55.991,15.054,0,0.000,-0.000
484,1,55.991,15.054,0,0.000,-0.000
485,1,55.991,15.054,0,0.000,-0.000
486,1,55.991,15.054,0,0.000,-0.000
487,1,55.991,15.054,0,0.000,-0.000
488,1,55.991,15.054,0,0.000,-0.000
489,1,55.991,15.054,0,0.000,-0.000
490,1,55.991,15.054,0,0.000,-0.000
491,1,55.991,15.054,0,0.000,-0.000
492,1,55.991,15.054,0,0.000,-0.000
493,1,55.991,15.054,0,0.000,-0.000
494,1,55.991,15.054,0,0.000,-0.000
495,1,55.991,15.054,0,0.000,-0.000
496,1,55.991,15.054,0,0.000,-0.000
497,1,55.991,15.054,0,0.000,-0.000
498,1,55.991,15.054,0,0.000,-0.000
499,1,55.991,15.054,0,0.000,-0.000
500,1,55.991,15.054,0,0.000,-0.000
501,1,55.991,15.054,0,0.000,-0.000
502,1,55.991,15.054,0,0.000,-0.000
503,1,55.991,15.054,0,0.000,-0.000
504,1,55.991,15.054,0,0.000,-0.000
505,1,55.991,15.054,0,0.000,-0.000
506,1,55.991,15.054,0,0.000,-0.000
507,1,55.991,15.054,0,0.000,-0.000
508,1,55.991,15.054,0,0.000,-0.000
509,1,55.991,15.054,0,0.000,-0.000
510,1,55.991,15.054,0,0.000,-0.000
511,1,55.991,15.054,0,0.000,-0.000
512,1,55.991,15.054,0,0.000,-0.000
513,1,55.991,15.054,0,0.000,-0.000
514,1,55.991,15.054,0,0.000,-0.000
515,1,55.991,15.054,0,0.000,-0.000
516,1,55.991,15.054,0,0.000,-0.000
517,1,55.991,15.054,0,0.000,-0.000
518,1,55.991,15.054,0,0.000,-0.000
519,1,55.991,15.054,0,0.000,-0.000
520,1,55.991,15.054,0,0.000,-0.000
521,1,55.991,15.054,0,0.000,-0.000
522,1,55.991,15.054,0,0.000,-0.000
523,1,55.991,15.054,0,0.000,-0.000
524,1,55.991,15.054,0,0.000,-0.000
525,1,55.991,15.054,0,0.000,-0.000
526,1,55.991,15.054,0,0.000,-0.000
527,1,55.991,15.054,0,0.000,-0.000
528,1,55.991,15.054,0,0.000,-0.000
529,1,55.991,15.054,0,0.000,-0.000
530,1,55.991,15.054,0,0.000,-0.000
531,1,55.991,15.054,0,0.000,-0.000
532,1,55.991,15.054,0,0.000,-0.000
533,1,55.991,15.054,0,0.000,-0.000
534,1,55.991,15.054,0,0.000,-0.000
535,1,55.991,15.054,0,0.000,-0.000
536,1,55.991,15.054,0,0.000,-0.000
537,1,55.991,15.054,0,0.000,-0.000
538,1,55.991,15.054,0,0.000,-0.000
539,1,55.991,15.054,0,0.000,-0.000
540,1,55.991,15.054,0,0.000,-0.000
541,1,55.991,15.054,0,0.000,-0.000
542,1,55.991,15.054,0,0.000,-0.000
543,1,55.991,15.054,0,0.000,-0.000
544,1,55.991,15.054,0,0.000,-0.000
545,1,55.991,15.054,0,0.000,-0.000
546,1,55.991,15.054,0,0.000,-0.000
547,1,55.991,15.054,0,0.000,-0.000
548,1,55.991,15.054,0,0.000,-0.000
549,1,55.991,15.054,0,0.000,-0.000
550,1,55.991,15.054,0,0.000,-0.000
551,1,55.991,15.054,0,0.000,-0.000
552,1,55.991,15.054,0,0.000,-0.000
553,1,55.991,15.054,0,0.000,-0.000
554,1,55.991,15.054,0,0.000,-0.000
555,1,55.991,15.054,0,0.000,-0.000
556,1,55.991,15.054,0,0.000,-0.000
557,1,55.991,15.054,0,0.000,-0.000
558,1,55.991,15.054,0,0.000,-0.000
559,1,55.991,15.054,0,0.000,-0.000
560,1,55.991,15.054,0,0.000,-0.000
561,1,55.991,15.054,0,0.000,-0.000
562,1,55.991,15.054,0,0.000,-0.000
563,1,55.991,15.054,0,0.000,-0.000
564,1,55.991,15.054,0,0.000,-0.000
565,1,55.991,15.054,0,0.000,-0.000
566,1,55.991,15.054,0,0.000,-0.000
567,1,55.991,15.054,0,0.000,-0.000
568,1,55.991,15.054,0,0.000,-0.000
569,1,55.991,15.054,0,0.000,-0.000
570,1,55.991,15.054,0,0.000,-0.000
571,1,55.991,15.054,0,0.000,-0.000
572,1,55.991,15.054,0,0.000,-0.000
573,1,55.991,15.054,0,0.000,-0.000
574,1,55.991,15.054,0,0.000,-0.000
575,1,55.991,15.054,0,0.000,-0.000
576,1,55.991,15.054,0,0.000,-0.000
577,1,55.991,15.054,0,0.000,-0.000
578,1,55.991,15.054,0,0.000,-0.000
579,1,55.991,15.054,0,0.000,-0.000
580,1,55.991,15.054,0,0.000,-0.000
581,1,55.991,15.054,0,0.000,-0.000
582,1,55.991,15.054,0,0.000,-0.000
583,1,55.991,15.054,0,0.000,-0.000
584,1,55.991,15.054,0,0.000,-0.000
585,1,55.991,15.054,0,0.000,-0.000
586,1,55.991,15.054,0,0.000,-0.000
587,1,55.991,15.054,0,0.000,-0.000
588,1,55.991,15.054,0,0.000,-0.000
589,1,55.991,15.054,0,0.000,-0.000
590,1,55.991,15.054,0,0.000,-0.000
591,1,55.991,15.054,0,0.000,-0.000
592,1,55.991,15.054,0,0.000,-0.000
593,1,55.991,15.054,0,0.000,-0.000
594,1,55.991,15.054,0,0.000,-0.000
595,1,55.991,15.054,0,0.000,-0.000
596,1,55.991,15.054,0,0.000,-0.000
597,1,55.991,15.054,0,0.000,-0.000
598,1,55.991,15.054,0,0.000,-0.000
599,1,55.991,15.054,0,0.000,-0.000
0,2,32.693,9.100,0,0.074,0.003
1,2,32.696,9.100,0,0.074,0.003
2,2,32.703,9.101,0,0.218,0.009
3,2,32.715,9.101,0,0.358,0.016
4,2,32.731,9.102,0,0.494,0.023
5,2,32.752,9.103,0,0.625,0.030
6,2,32.777,9.104,0,0.751,0.037
7,2,32.806,9.106,0,0.873,0.044
8,2,32.839,9.107,0,0.990,0.052
9,2,32.876,9.109,0,1.103,0.060
10,2,32.916,9.112,0,1.211,0.068
11,2,32.960,9.114,0,1.315,0.076
12,2,33.007,9.117,0,1.414,0.084
13,2,33.058,9.120,0,1.508,0.093
14,2,33.111,9.123,0,1.598,0.102
15,2,33.167,9.127,0,1.684,0.111
16,2,33.226,9.131,0,1.765,0.120
17,2,33.287,9.135,0,1.841,0.130
18,2,33.351,9.140,0,1.913,0.140
19,2,33.417,9.145,0,1.980,0.149
20,2,33.485,9.150,0,2.043,0.160
21,2,33.555,9.156,0,2.101,0.170
22,2,33.627,9.162,0,2.155,0.181
23,2,33.700,9.168,0,2.204,0.191
24,2,33.775,9.175,0,2.249,0.202
25,2,33.852,9.182,0,2.289,0.213
26,2,33.929,9.190,0,2.324,0.225
27,2,34.008,9.198,0,2.355,0.237
28,2,34.087,9.206,0,2.382,0.248
29,2,34.167,9.215,0,2.404,0.260
30,2,34.248,9.224,0,2.421,0.273
31,2,34.329,9.233,0,2.434,0.285
32,2,34.410,9.243,0,2.442,0.298
33,2,34.492,9.254,0,2.446,0.311
34,2,34.573,9.264,0,2.445,0.324
35,2,34.655,9.276,0,2.440,0.337
36,2,34.736,9.287,0,2.430,0.351
37,2,34.816,9.299,0,2.415,0.364
38,2,34.896,9.312,0,2.396,0.378
39,2,34.975,9.325,0,2.373,0.392
40,2,35.053,9.339,0,2.345,0.407
41,2,35.130,9.353,0,2.312,0.421
42,2,35.206,9.367,0,2.275,0.436
43,2,35.281,9.382,0,2.233,0.451
44,2,35.354,9.398,0,2.187,0.466
45,2,35.425,9.414,0,2.136,0.482
46,2,35.494,9.430,0,2.081,0.497
47,2,35.562,9.448,0,2.021,0.513
48,2,35.627,9.465,0,1.957,0.529
49,2,35.690,9.483,0,1.888,0.546
50,2,35.750,9.502,0,1.814,0.562
51,2,35.808,9.521,0,1.736,0.579
52,2,35.863,9.541,0,1.654,0.596
53,2,35.915,9.562,0,1.567,0.613
54,2,35.965,9.583,0,1.475,0.630
55,2,36.011,9.604,0,1.379,0.648
56,2,36.053,9.626,0,1.278,0.665
57,2,36.092,9.649,0,1.173,0.683
58,2,36.128,9.673,0,1.063,0.701
59,2,36.178,9.711,0,1.509,1.160
60,2,36.224,9.753,0,1.376,1.248
61,2,36.266,9.797,0,1.249,1.331
62,2,36.303,9.844,0,1.128,1.410
63,2,36.337,9.894,0,1.012,1.484
64,2,36.367,9.946,0,0.903,1.554
65,2,36.394,9.999,0,0.800,1.618
66,2,36.417,10.055,0,0.703,1.678
67,2,36.437,10.113,0,0.612,1.734
68,2,36.455,10.173,0,0.526,1.784
69,2,36.470,10.234,0,0.447,1.831
70,2,36.482,10.296,0,0.374,1.872
71,2,36.493,10.360,0,0.307,1.909
72,2,36.501,10.424,0,0.245,1.941
73,2,36.507,10.490,0,0.190,1.968
74,2,36.512,10.556,0,0.141,1.991
75,2,36.515,10.623,0,0.098,2.008
76,2,36.517,10.691,0,0.060,2.022
77,2,36.518,10.758,0,0.029,2.030
78,2,36.518,10.826,0,0.004,2.034
79,2,36.518,10.894,0,-0.015,2.034
80,2,36.517,10.962,0,-0.028,2.028
81,2,36.516,11.029,0,-0.036,2.018
82,2,36.514,11.096,0,-0.037,2.003
83,2,36.513,11.162,0,-0.032,1.984
84,2,36.513,11.227,0,-0.021,1.960
85,2,36.512,11.291,0,-0.005,1.931
86,2,36.513,11.355,0,0.018,1.897
87,2,36.515,11.417,0,0.047,1.859
88,2,36.517,11.477,0,0.082,1.816
89,2,36.521,11.536,0,0.123,1.769
90,2,36.527,11.593,0,0.169,1.717
91,2,36.534,11.649,0,0.222,1.660
92,2,36.544,11.702,0,0.281,1.598
93,2,36.555,11.753,0,0.346,1.532
94,2,36.569,11.802,0,0.417,1.461
95,2,36.586,11.848,0,0.493,1.385
96,2,36.614,11.919,0,0.841,2.130
97,2,36.641,11.988,0,0.810,2.060
98,2,36.667,12.054,0,0.787,1.992
99,2,36.693,12.118,0,0.772,1.926
100,2,36.718,12.180,0,0.765,1.861
101,2,36.744,12.240,0,0.766,1.798
102,2,36.770,12.298,0,0.776,1.737
103,2,36.796,12.354,0,0.793,1.677
104,2,36.823,12.408,0,0.818,1.619
105,2,36.852,12.460,0,0.852,1.563
106,2,36.881,12.510,0,0.893,1.509
107,2,36.913,12.559,0,0.943,1.456
108,2,36.946,12.606,0,1.001,1.405
109,2,36.982,12.651,0,1.066,1.356
110,2,37.020,12.694,0,1.140,1.308
111,2,37.060,12.737,0,1.222,1.262
112,2,37.104,12.777,0,1.311,1.218
113,2,37.151,12.816,0,1.409,1.175
114,2,37.202,12.854,0,1.515,1.134
115,2,37.256,12.891,0,1.629,1.095
116,2,37.314,12.926,0,1.751,1.057
117,2,37.377,12.960,0,1.881,1.021
118,2,37.444,12.993,0,2.019,0.987
119,2,37.486,13.012,0,1.256,0.563
120,2,37.530,13.030,0,1.302,0.544
121,2,37.575,13.047,0,1.347,0.525
122,2,37.621,13.064,0,1.390,0.507
123,2,37.669,13.080,0,1.432,0.489
124,2,37.718,13.096,0,1.473,0.471
125,2,37.768,13.111,0,1.512,0.453
126,2,37.820,13.126,0,1.549,0.436
127,2,37.873,13.140,0,1.586,0.419
128,2,37.927,13.153,0,1.621,0.402
129,2,37.982,13.166,0,1.654,0.385
130,2,38.038,13.178,0,1.686,0.369
131,2,38.095,13.190,0,1.717,0.353
132,2,38.153,13.201,0,1.746,0.337
133,2,38.213,13.212,0,1.774,0.322
134,2,38.273,13.222,0,1.801,0.306
135,2,38.333,13.232,0,1.826,0.291
136,2,38.395,13.241,0,1.850,0.276
137,2,38.458,13.250,0,1.872,0.262
138,2,38.521,13.258,0,1.893,0.248
139,2,38.584,13.266,0,1.913,0.234
140,2,38.649,13.273,0,1.931,0.220
141,2,38.714,13.280,0,1.948,0.207
142,2,38.779,13.286,0,1.964,0.193
143,2,38.845,13.292,0,1.978,0.180
144,2,38.911,13.298,0,1.990,0.168
145,2,38.978,13.303,0,2.002,0.155
146,2,39.045,13.308,0,2.011,0.143
147,2,39.113,13.312,0,2.020,0.131
148,2,39.180,13.316,0,2.027,0.120
149,2,39.248,13.320,0,2.033,0.108
150,2,39.316,13.323,0,2.037,0.097
151,2,39.384,13.326,0,2.040,0.086
152,2,39.452,13.329,0,2.042,0.076
153,2,39.520,13.331,0,2.042,0.065
154,2,39.588,13.333,0,2.041,0.055
155,2,39.656,13.334,0,2.038,0.045
156,2,39.724,13.335,0,2.034,0.036
157,2,39.791,13.336,0,2.029,0.027
158,2,39.846,13.337,0,1.626,0.010
159,2,39.901,13.336,0,1.651,-0.006
160,2,39.956,13.336,0,1.676,-0.020
161,2,40.013,13.335,0,1.700,-0.035
162,2,40.070,13.333,0,1.722,-0.048
163,2,40.129,13.331,0,1.743,-0.062
164,2,40.187,13.328,0,1.763,-0.075
165,2,40.247,13.325,0,1.781,-0.087
166,2,40.307,13.322,0,1.799,-0.099
167,2,40.367,13.319,0,1.815,-0.110
168,2,40.428,13.314,0,1.830,-0.121
169,2,40.490,13.310,0,1.844,-0.132
170,2,40.552,13.305,0,1.856,-0.142
171,2,40.614,13.300,0,1.867,-0.151
172,2,40.676,13.295,0,1.877,-0.160
173,2,40.739,13.289,0,1.886,-0.168
174,2,40.802,13.284,0,1.894,-0.177
175,2,40.866,13.277,0,1.900,-0.184
176,2,40.929,13.271,0,1.905,-0.191
177,2,40.993,13.264,0,1.909,-0.198
178,2,41.057,13.258,0,1.912,-0.204
179,2,41.120,13.251,0,1.913,-0.209
180,2,41.184,13.243,0,1.913,-0.215
181,2,41.248,13.236,0,1.912,-0.219
182,2,41.311,13.229,0,1.910,-0.223
183,2,41.375,13.221,0,1.907,-0.227
184,2,41.438,13.213,0,1.902,-0.230
185,2,41.502,13.206,0,1.896,-0.233
186,2,41.565,13.198,0,1.889,-0.235
187,2,41.627,13.190,0,1.880,-0.237
188,2,41.690,13.182,0,1.871,-0.238
189,2,41.752,13.174,0,1.860,-0.239
190,2,41.813,13.166,0,1.848,-0.239
191,2,41.874,13.158,0,1.835,-0.239
192,2,41.935,13.150,0,1.820,-0.239
193,2,41.995,13.142,0,1.804,-0.238
194,2,42.055,13.134,0,1.787,-0.236
195,2,42.114,13.127,0,1.769,-0.234
196,2,42.172,13.119,0,1.750,-0.231
197,2,42.230,13.111,0,1.729,-0.228
198,2,42.287,13.104,0,1.707,-0.225
199,2,42.343,13.096,0,1.684,-0.221
200,2,42.398,13.089,0,1.660,-0.216
201,2,42.453,13.082,0,1.634,-0.211
202,2,42.506,13.075,0,1.608,-0.206
203,2,42.559,13.069,0,1.580,-0.200
204,2,42.610,13.062,0,1.550,-0.193
205,2,42.661,13.056,0,1.520,-0.186
206,2,42.711,13.050,0,1.488,-0.179
207,2,42.787,13.041,0,2.285,-0.281
208,2,42.860,13.031,0,2.204,-0.289
209,2,42.931,13.021,0,2.129,-0.297
210,2,43.000,13.011,0,2.058,-0.303
211,2,43.066,13.001,0,1.993,-0.308
212,2,43.131,12.990,0,1.934,-0.313
213,2,43.193,12.980,0,1.879,-0.317
214,2,43.254,12.969,0,1.829,-0.320
215,2,43.314,12.958,0,1.785,-0.322
216,2,43.372,12.948,0,1.746,-0.323
217,2,43.429,12.937,0,1.712,-0.323
218,2,43.485,12.926,0,1.684,-0.323
219,2,43.541,12.915,0,1.660,-0.321
220,2,43.595,12.905,0,1.642,-0.319
221,2,43.650,12.894,0,1.629,-0.316
222,2,43.704,12.884,0,1.621,-0.312
223,2,43.758,12.874,0,1.618,-0.307
224,2,43.812,12.864,0,1.620,-0.301
225,2,43.866,12.854,0,1.628,-0.294
226,2,43.921,12.844,0,1.641,-0.287
227,2,43.976,12.835,0,1.659,-0.278
228,2,44.032,12.826,0,1.682,-0.269
229,2,44.089,12.817,0,1.710,-0.259
230,2,44.147,12.809,0,1.744,-0.248
231,2,44.206,12.801,0,1.782,-0.236
232,2,44.267,12.794,0,1.826,-0.224
233,2,44.330,12.787,0,1.875,-0.210
234,2,44.394,12.780,0,1.930,-0.196
235,2,44.461,12.774,0,1.989,-0.180
236,2,44.529,12.769,0,2.054,-0.164
237,2,44.600,12.764,0,2.124,-0.147
238,2,44.652,12.760,0,1.576,-0.103
239,2,44.706,12.757,0,1.612,-0.110
240,2,44.761,12.753,0,1.647,-0.116
241,2,44.817,12.749,0,1.679,-0.121
242,2,44.874,12.745,0,1.710,-0.125
243,2,44.932,12.740,0,1.738,-0.128
244,2,44.991,12.736,0,1.765,-0.130
245,2,45.050,12.732,0,1.790,-0.132
246,2,45.111,12.727,0,1.813,-0.133
247,2,45.172,12.723,0,1.834,-0.132
248,2,45.234,12.718,0,1.854,-0.131
249,2,45.296,12.714,0,1.871,-0.130
250,2,45.359,12.710,0,1.887,-0.127
251,2,45.422,12.706,0,1.900,-0.123
252,2,45.486,12.702,0,1.912,-0.119
253,2,45.550,12.698,0,1.922,-0.114
254,2,45.615,12.694,0,1.930,-0.108
255,2,45.679,12.691,0,1.936,-0.101
256,2,45.744,12.688,0,1.940,-0.093
257,2,45.808,12.685,0,1.943,-0.085
258,2,45.873,12.683,0,1.943,-0.075
259,2,45.938,12.680,0,1.942,-0.065
260,2,46.003,12.679,0,1.939,-0.054
261,2,46.067,12.677,0,1.933,-0.042
262,2,46.131,12.676,0,1.926,-0.029
263,2,46.195,12.676,0,1.918,-0.015
264,2,46.259,12.676,0,1.907,-0.001
265,2,46.322,12.676,0,1.894,0.014
266,2,46.385,12.677,0,1.880,0.031
267,2,46.447,12.679,0,1.863,0.048
268,2,46.508,12.681,0,1.845,0.065
269,2,46.569,12.684,0,1.825,0.084
270,2,46.629,12.687,0,1.803,0.104
271,2,46.688,12.691,0,1.779,0.124
272,2,46.747,12.696,0,1.753,0.145
273,2,46.804,12.702,0,1.725,0.167
274,2,46.861,12.708,0,1.696,0.190
275,2,46.916,12.715,0,1.664,0.214
276,2,46.971,12.723,0,1.631,0.238
277,2,47.024,12.732,0,1.596,0.264
278,2,47.076,12.742,0,1.559,0.290
279,2,47.126,12.752,0,1.520,0.317
280,2,47.176,12.764,0,1.479,0.345
281,2,47.242,12.781,0,1.984,0.531
282,2,47.306,12.801,0,1.912,0.594
283,2,47.367,12.823,0,1.844,0.653
284,2,47.426,12.847,0,1.781,0.710
285,2,47.484,12.872,0,1.722,0.763
286,2,47.539,12.899,0,1.668,0.812
287,2,47.593,12.928,0,1.618,0.859
288,2,47.646,12.958,0,1.572,0.902
289,2,47.697,12.989,0,1.531,0.942
290,2,47.747,13.022,0,1.495,0.978
291,2,47.795,13.056,0,1.463,1.012
292,2,47.843,13.090,0,1.436,1.042
293,2,47.890,13.126,0,1.413,1.068
294,2,47.937,13.162,0,1.395,1.092
295,2,47.983,13.199,0,1.381,1.112
296,2,48.029,13.237,0,1.371,1.129
297,2,48.074,13.275,0,1.366,1.142
298,2,48.120,13.314,0,1.366,1.152
299,2,48.165,13.352,0,1.370,1.159
300,2,48.211,13.391,0,1.379,1.163
301,2,48.258,13.430,0,1.392,1.163
302,2,48.305,13.468,0,1.409,1.161
303,2,48.352,13.507,0,1.431,1.154
304,2,48.401,13.545,0,1.458,1.145
305,2,48.451,13.583,0,1.489,1.132
306,2,48.501,13.620,0,1.525,1.116
307,2,48.554,13.657,0,1.565,1.097
308,2,48.607,13.692,0,1.609,1.074
309,2,48.662,13.727,0,1.658,1.048
310,2,48.720,13.761,0,1.712,1.019
311,2,48.779,13.794,0,1.770,0.987
312,2,48.827,13.820,0,1.440,0.776
313,2,48.875,13.846,0,1.457,0.785
314,2,48.924,13.873,0,1.474,0.793
315,2,48.974,13.899,0,1.491,0.801
316,2,49.024,13.926,0,1.506,0.807
317,2,49.075,13.953,0,1.521,0.813
318,2,49.126,13.981,0,1.536,0.818
319,2,49.178,14.008,0,1.549,0.822
320,2,49.230,14.036,0,1.563,0.826
321,2,49.282,14.063,0,1.575,0.828
322,2,49.335,14.091,0,1.587,0.829
323,2,49.388,14.118,0,1.599,0.830
324,2,49.442,14.146,0,1.609,0.830
325,2,49.496,14.174,0,1.620,0.829
326,2,49.550,14.201,0,1.629,0.827
327,2,49.605,14.229,0,1.638,0.824
328,2,49.660,14.256,0,1.646,0.820
329,2,49.715,14.283,0,1.654,0.815
330,2,49.770,14.310,0,1.661,0.810
331,2,49.826,14.337,0,1.668,0.804
332,2,49.882,14.364,0,1.674,0.796
333,2,49.938,14.390,0,1.679,0.788
334,2,49.994,14.416,0,1.684,0.779
335,2,50.050,14.441,0,1.688,0.770
336,2,50.107,14.467,0,1.691,0.759
337,2,50.163,14.492,0,1.694,0.747
338,2,50.220,14.516,0,1.696,0.735
339,2,50.276,14.540,0,1.698,0.722
340,2,50.333,14.564,0,1.699,0.707
341,2,50.389,14.587,0,1.699,0.692
342,2,50.446,14.609,0,1.699,0.677
343,2,50.503,14.631,0,1.698,0.660
344,2,50.559,14.653,0,1.697,0.642
345,2,50.616,14.674,0,1.695,0.624
346,2,50.672,14.694,0,1.692,0.604
347,2,50.728,14.713,0,1.689,0.584
348,2,50.785,14.732,0,1.685,0.563
349,2,50.841,14.750,0,1.681,0.541
350,2,50.897,14.767,0,1.676,0.518
351,2,50.956,14.785,0,1.781,0.530
352,2,51.016,14.802,0,1.815,0.522
353,2,51.078,14.819,0,1.846,0.513
354,2,51.140,14.836,0,1.874,0.504
355,2,51.204,14.853,0,1.899,0.495
356,2,51.268,14.869,0,1.922,0.485
357,2,51.333,14.885,0,1.942,0.474
358,2,51.398,14.900,0,1.959,0.463
359,2,51.464,14.915,0,1.974,0.451
360,2,51.530,14.930,0,1.985,0.439
361,2,51.596,14.944,0,1.994,0.427
362,2,51.663,14.958,0,2.000,0.414
363,2,51.730,14.971,0,2.004,0.400
364,2,51.797,14.984,0,2.004,0.386
365,2,51.863,14.996,0,2.002,0.371
366,2,51.930,15.008,0,1.998,0.356
367,2,51.996,15.020,0,1.990,0.340
368,2,52.062,15.030,0,1.980,0.324
369,2,52.128,15.041,0,1.967,0.307
370,2,52.193,15.050,0,1.951,0.290
371,2,52.257,15.059,0,1.932,0.273
372,2,52.321,15.068,0,1.911,0.254
373,2,52.384,15.076,0,1.887,0.236
374,2,52.446,15.083,0,1.860,0.216
375,2,52.507,15.090,0,1.831,0.197
376,2,52.567,15.095,0,1.798,0.176
377,2,52.626,15.101,0,1.763,0.156
378,2,52.683,15.105,0,1.726,0.134
379,2,52.739,15.109,0,1.685,0.113
380,2,52.794,15.112,0,1.642,0.090
381,2,52.847,15.114,0,1.596,0.068
382,2,52.899,15.116,0,1.547,0.044
383,2,52.949,15.116,0,1.496,0.021
384,2,52.997,15.116,0,1.441,-0.004
385,2,53.043,15.115,0,1.384,-0.029
386,2,53.087,15.113,0,1.325,-0.054
387,2,53.129,15.111,0,1.262,-0.080
388,2,53.220,15.102,0,2.723,-0.262
389,2,53.303,15.090,0,2.490,-0.358
390,2,53.378,15.075,0,2.272,-0.457
391,2,53.447,15.056,0,2.069,-0.559
392,2,53.510,15.034,0,1.881,-0.663
393,2,53.567,15.008,0,1.708,-0.769
394,2,53.619,14.979,0,1.550,-0.878
395,2,53.666,14.946,0,1.408,-0.990
396,2,53.708,14.909,0,1.280,-1.104
397,2,53.747,14.869,0,1.168,-1.220
398,2,53.783,14.824,0,1.071,-1.340
399,2,53.816,14.775,0,0.989,-1.461
400,2,53.847,14.723,0,0.922,-1.585
401,2,53.876,14.665,0,0.870,-1.712
402,2,53.903,14.604,0,0.833,-1.841
403,2,53.930,14.538,0,0.811,-1.973
404,2,53.947,14.494,0,0.492,-1.328
405,2,53.963,14.445,0,0.484,-1.466
406,2,53.979,14.392,0,0.472,-1.592
407,2,53.994,14.335,0,0.458,-1.705
408,2,54.009,14.275,0,0.440,-1.807
409,2,54.023,14.212,0,0.419,-1.897
410,2,54.036,14.146,0,0.394,-1.975
411,2,54.048,14.078,0,0.366,-2.041
412,2,54.059,14.008,0,0.336,-2.094
413,2,54.069,13.937,0,0.301,-2.136
414,2,54.078,13.865,0,0.264,-2.166
415,2,54.085,13.792,0,0.224,-2.183
416,2,54.091,13.719,0,0.180,-2.189
417,2,54.096,13.646,0,0.133,-2.183
418,2,54.099,13.574,0,0.083,-2.164
419,2,54.100,13.503,0,0.029,-2.134
420,2,54.099,13.433,0,-0.028,-2.092
421,2,54.096,13.365,0,-0.087,-2.037
422,2,54.091,13.300,0,-0.151,-1.971
423,2,54.084,13.237,0,-0.217,-1.892
424,2,54.074,13.177,0,-0.286,-1.802
425,2,54.062,13.120,0,-0.359,-1.699
426,2,54.047,13.067,0,-0.435,-1.585
427,2,54.030,13.018,0,-0.514,-1.458
428,2,54.010,12.974,0,-0.597,-1.320
429,2,53.988,12.936,0,-0.683,-1.169
430,2,53.955,12.894,0,-0.974,-1.247
431,2,53.916,12.855,0,-1.191,-1.166
432,2,53.869,12.819,0,-1.387,-1.084
433,2,53.817,12.786,0,-1.562,-1.002
434,2,53.760,12.755,0,-1.717,-0.921
435,2,53.698,12.727,0,-1.851,-0.839
436,2,53.633,12.702,0,-1.963,-0.758
437,2,53.564,12.679,0,-2.056,-0.676
438,2,53.493,12.659,0,-2.127,-0.594
439,2,53.421,12.642,0,-2.177,-0.513
440,2,53.347,12.628,0,-2.207,-0.431
441,2,53.273,12.616,0,-2.216,-0.349
442,2,53.200,12.607,0,-2.204,-0.268
443,2,53.128,12.601,0,-2.171,-0.186
444,2,53.057,12.598,0,-2.118,-0.105
445,2,52.989,12.597,0,-2.043,-0.023
446,2,52.924,12.599,0,-1.948,0.059
447,2,52.863,12.603,0,-1.832,0.140
448,2,52.806,12.611,0,-1.695,0.222
449,2,52.755,12.621,0,-1.538,0.303
450,2,52.710,12.634,0,-1.360,0.385
451,2,52.671,12.649,0,-1.160,0.467
452,2,52.629,12.676,0,-1.263,0.792
453,2,52.593,12.711,0,-1.071,1.046
454,2,52.563,12.753,0,-0.897,1.275
455,2,52.539,12.802,0,-0.739,1.479
456,2,52.519,12.858,0,-0.598,1.658
457,2,52.503,12.918,0,-0.474,1.811
458,2,52.491,12.983,0,-0.367,1.939
459,2,52.482,13.051,0,-0.276,2.042
460,2,52.475,13.121,0,-0.203,2.120
461,2,52.470,13.194,0,-0.146,2.173
462,2,52.466,13.267,0,-0.106,2.201
463,2,52.464,13.341,0,-0.082,2.203
464,2,52.461,13.413,0,-0.076,2.180
465,2,52.458,13.484,0,-0.086,2.133
466,2,52.455,13.553,0,-0.113,2.060
467,2,52.449,13.618,0,-0.156,1.961
468,2,52.442,13.680,0,-0.217,1.838
469,2,52.433,13.742,0,-0.265,1.862
470,2,52.425,13.803,0,-0.255,1.834
471,2,52.417,13.863,0,-0.244,1.810
472,2,52.409,13.923,0,-0.229,1.792
473,2,52.402,13.982,0,-0.213,1.779
474,2,52.395,14.041,0,-0.193,1.770
475,2,52.390,14.100,0,-0.171,1.767
476,2,52.385,14.159,0,-0.147,1.768
477,2,52.381,14.218,0,-0.120,1.775
478,2,52.378,14.278,0,-0.091,1.787
479,2,52.376,14.338,0,-0.059,1.804
480,2,52.375,14.399,0,-0.025,1.825
481,2,52.375,14.461,0,0.012,1.852
482,2,52.377,14.523,0,0.052,1.884
483,2,52.380,14.587,0,0.093,1.921
484,2,52.385,14.653,0,0.138,1.963
485,2,52.389,14.709,0,0.132,1.700
486,2,52.394,14.768,0,0.127,1.750
487,2,52.398,14.828,0,0.128,1.793
488,2,52.402,14.889,0,0.135,1.830
489,2,52.407,14.951,0,0.146,1.860
490,2,52.413,15.013,0,0.163,1.884
491,2,52.419,15.077,0,0.185,1.900
492,2,52.426,15.140,0,0.212,1.910
493,2,52.434,15.204,0,0.245,1.913
494,2,52.443,15.268,0,0.283,1.909
495,2,52.454,15.331,0,0.326,1.899
496,2,52.467,15.394,0,0.374,1.881
497,2,52.481,15.456,0,0.428,1.857
498,2,52.497,15.517,0,0.486,1.826
499,2,52.516,15.576,0,0.551,1.789
500,2,52.536,15.634,0,0.620,1.745
501,2,52.559,15.691,0,0.695,1.694
502,2,52.585,15.745,0,0.774,1.636
503,2,52.614,15.798,0,0.860,1.571
504,2,52.645,15.847,0,0.925,1.486
505,2,52.680,15.898,0,1.050,1.529
506,2,52.718,15.950,0,1.161,1.560
507,2,52.760,16.003,0,1.260,1.580
508,2,52.805,16.056,0,1.346,1.586
509,2,52.853,16.108,0,1.419,1.581
510,2,52.902,16.161,0,1.479,1.563
511,2,52.953,16.212,0,1.526,1.534
512,2,53.005,16.261,0,1.561,1.492
513,2,53.057,16.309,0,1.582,1.437
514,2,53.110,16.355,0,1.591,1.371
515,2,53.163,16.398,0,1.586,1.292
516,2,53.216,16.438,0,1.569,1.201
517,2,53.267,16.475,0,1.539,1.098
518,2,53.317,16.507,0,1.496,0.982
519,2,53.365,16.536,0,1.440,0.854
520,2,53.411,16.560,0,1.372,0.715
521,2,53.454,16.578,0,1.290,0.562
522,2,53.493,16.592,0,1.196,0.398
523,2,53.530,16.599,0,1.088,0.221
524,2,53.585,16.599,0,1.648,-0.016
525,2,53.635,16.584,0,1.517,-0.449
526,2,53.682,16.556,0,1.397,-0.836
527,2,53.725,16.516,0,1.290,-1.179
528,2,53.765,16.467,0,1.195,-1.477
529,2,53.802,16.409,0,1.111,-1.731
530,2,53.836,16.345,0,1.040,-1.939
531,2,53.869,16.275,0,0.980,-2.103
532,2,53.900,16.201,0,0.932,-2.223
533,2,53.930,16.124,0,0.896,-2.297
534,2,53.959,16.046,0,0.873,-2.327
535,2,53.988,15.969,0,0.861,-2.312
536,2,54.004,15.923,0,0.498,-1.403
537,2,54.020,15.874,0,0.467,-1.461
538,2,54.034,15.823,0,0.437,-1.516
539,2,54.048,15.771,0,0.411,-1.568
540,2,54.061,15.717,0,0.387,-1.618
541,2,54.073,15.662,0,0.365,-1.665
542,2,54.085,15.605,0,0.346,-1.710
543,2,54.096,15.546,0,0.330,-1.752
544,2,54.106,15.487,0,0.316,-1.792
545,2,54.116,15.426,0,0.305,-1.828
546,2,54.126,15.364,0,0.297,-1.863
547,2,54.136,15.300,0,0.291,-1.895
548,2,54.146,15.236,0,0.287,-1.924
549,2,54.155,15.171,0,0.286,-1.950
550,2,54.165,15.105,0,0.288,-1.974
551,2,54.175,15.039,0,0.292,-1.996
552,2,54.185,14.972,0,0.299,-2.015
553,2,54.195,14.904,0,0.309,-2.031
554,2,54.205,14.836,0,0.321,-2.045
555,2,54.217,14.767,0,0.335,-2.056
556,2,54.226,14.712,0,0.274,-1.666
557,2,54.236,14.651,0,0.292,-1.816
558,2,54.246,14.586,0,0.308,-1.949
559,2,54.256,14.517,0,0.321,-2.064
560,2,54.268,14.445,0,0.332,-2.161
561,2,54.279,14.371,0,0.340,-2.241
562,2,54.290,14.294,0,0.347,-2.303
563,2,54.302,14.216,0,0.351,-2.347
564,2,54.314,14.137,0,0.352,-2.374
565,2,54.326,14.057,0,0.351,-2.384
566,2,54.337,13.978,0,0.348,-2.375
567,2,54.349,13.900,0,0.343,-2.350
568,2,54.360,13.823,0,0.335,-2.306
569,2,54.371,13.748,0,0.325,-2.245
570,2,54.381,13.676,0,0.312,-2.167
571,2,54.391,13.607,0,0.297,-2.071
572,2,54.400,13.541,0,0.280,-1.957
573,2,54.409,13.481,0,0.261,-1.826
574,2,54.417,13.425,0,0.239,-1.677
575,2,54.424,13.374,0,0.215,-1.510
576,2,54.430,13.330,0,0.188,-1.326
577,2,54.436,13.293,0,0.159,-1.124
578,2,54.440,13.263,0,0.128,-0.905
579,2,54.443,13.240,0,0.094,-0.668
580,2,54.445,13.226,0,0.058,-0.414
581,2,54.446,13.222,0,0.020,-0.142
582,2,54.446,13.222,0,0.000,-0.000
583,2,54.446,13.222,0,0.000,-0.000
584,2,54.446,13.222,0,0.000,-0.000
585,2,54.446,13.222,0,0.000,-0.000
586,2,54.446,13.222,0,0.000,-0.000
587,2,54.446,13.222,0,0.000,-0.000
588,2,54.446,13.222,0,0.000,-0.000
589,2,54.446,13.222,0,0.000,-0.000
590,2,54.446,13.222,0,0.000,-0.000
591,2,54.446,13.222,0,0.000,-0.000
592,2,54.446,13.222,0,0.000,-0.000
593,2,54.446,13.222,0,0.000,-0.000
594,2,54.446,13.222,0,0.000,-0.000
595,2,54.446,13.222,0,0.000,-0.000
596,2,54.446,13.222,0,0.000,-0.000
597,2,54.446,13.222,0,0.000,-0.000
598,2,54.446,13.222,0,0.000,-0.000
599,2,54.446,13.222,0,0.000,-0.000
0,3,34.239,14.596,0,0.171,0.137
1,3,34.244,14.600,0,0.171,0.137
2,3,34.261,14.613,0,0.493,0.398
3,3,34.287,14.635,0,0.788,0.642
4,3,34.322,14.664,0,1.055,0.867
5,3,34.365,14.700,0,1.294,1.076
6,3,34.416,14.742,0,1.504,1.266
7,3,34.472,14.790,0,1.687,1.438
8,3,34.533,14.843,0,1.842,1.593
9,3,34.599,14.900,0,1.969,1.730
10,3,34.668,14.962,0,2.068,1.849
11,3,34.739,15.027,0,2.140,1.950
12,3,34.812,15.095,0,2.183,2.034
13,3,34.885,15.165,0,2.198,2.100
14,3,34.958,15.236,0,2.185,2.148
15,3,35.029,15.309,0,2.145,2.178
16,3,35.099,15.382,0,2.076,2.190
17,3,35.165,15.455,0,1.980,2.185
18,3,35.226,15.527,0,1.855,2.162
19,3,35.283,15.598,0,1.703,2.121
20,3,35.334,15.666,0,1.522,2.062
21,3,35.378,15.733,0,1.314,1.986
22,3,35.414,15.796,0,1.078,1.891
23,3,35.441,15.855,0,0.813,1.779
24,3,35.464,15.928,0,0.707,2.185
25,3,35.479,16.000,0,0.426,2.169
26,3,35.484,16.072,0,0.175,2.158
27,3,35.483,16.144,0,-0.045,2.153
28,3,35.475,16.215,0,-0.234,2.153
29,3,35.462,16.287,0,-0.392,2.158
30,3,35.445,16.360,0,-0.520,2.169
31,3,35.424,16.433,0,-0.616,2.185
32,3,35.401,16.506,0,-0.681,2.206
33,3,35.378,16.580,0,-0.716,2.232
34,3,35.354,16.656,0,-0.719,2.264
35,3,35.331,16.733,0,-0.692,2.301
36,3,35.309,16.811,0,-0.634,2.344
37,3,35.291,16.890,0,-0.544,2.391
38,3,35.277,16.972,0,-0.424,2.444
39,3,35.268,17.055,0,-0.273,2.503
40,3,35.265,17.141,0,-0.091,2.566
41,3,35.269,17.229,0,0.122,2.635
42,3,35.276,17.294,0,0.197,1.955
43,3,35.284,17.361,0,0.247,2.016
44,3,35.294,17.430,0,0.294,2.072
45,3,35.305,17.501,0,0.338,2.122
46,3,35.318,17.573,0,0.380,2.166
47,3,35.332,17.647,0,0.419,2.206
48,3,35.347,17.721,0,0.455,2.240
49,3,35.363,17.797,0,0.489,2.269
50,3,35.380,17.873,0,0.520,2.293
51,3,35.399,17.950,0,0.549,2.312
52,3,35.418,18.028,0,0.574,2.325
53,3,35.438,18.106,0,0.598,2.333
54,3,35.458,18.184,0,0.618,2.335
55,3,35.480,18.261,0,0.636,2.333
56,3,35.501,18.339,0,0.651,2.325
57,3,35.523,18.416,0,0.664,2.312
58,3,35.546,18.492,0,0.674,2.293
59,3,35.569,18.568,0,0.681,2.269
60,3,35.591,18.643,0,0.686,2.240
61,3,35.614,18.716,0,0.688,2.206
62,3,35.637,18.788,0,0.688,2.166
63,3,35.660,18.859,0,0.684,2.122
64,3,35.683,18.928,0,0.679,2.072
65,3,35.705,18.995,0,0.670,2.016
66,3,35.727,19.061,0,0.659,1.955
67,3,35.754,19.141,0,0.802,2.412
68,3,35.780,19.222,0,0.778,2.421
69,3,35.805,19.302,0,0.761,2.423
70,3,35.830,19.383,0,0.750,2.417
71,3,35.855,19.463,0,0.746,2.403
72,3,35.880,19.542,0,0.748,2.381
73,3,35.905,19.621,0,0.757,2.352
74,3,35.931,19.698,0,0.772,2.315
75,3,35.957,19.774,0,0.793,2.271
76,3,35.985,19.848,0,0.821,2.218
77,3,36.013,19.920,0,0.855,2.158
78,3,36.043,19.989,0,0.896,2.090
79,3,36.074,20.056,0,0.943,2.015
80,3,36.108,20.121,0,0.997,1.932
81,3,36.143,20.182,0,1.057,1.841
82,3,36.180,20.240,0,1.124,1.742
83,3,36.220,20.295,0,1.197,1.635
84,3,36.263,20.345,0,1.276,1.521
85,3,36.308,20.392,0,1.362,1.399
86,3,36.357,20.434,0,1.454,1.270
87,3,36.414,20.475,0,1.729,1.213
88,3,36.476,20.508,0,1.842,0.983
89,3,36.541,20.534,0,1.946,0.778
90,3,36.609,20.553,0,2.042,0.598
91,3,36.680,20.568,0,2.128,0.442
92,3,36.753,20.579,0,2.206,0.312
93,3,36.829,20.585,0,2.275,0.206
94,3,36.907,20.590,0,2.335,0.124
95,3,36.986,20.592,0,2.386,0.068
96,3,37.067,20.593,0,2.429,0.036
97,3,37.149,20.594,0,2.462,0.029
98,3,37.232,20.596,0,2.487,0.047
99,3,37.316,20.598,0,2.503,0.089
100,3,37.399,20.604,0,2.510,0.156
101,3,37.483,20.612,0,2.508,0.248
102,3,37.566,20.624,0,2.498,0.365
103,3,37.649,20.641,0,2.478,0.506
104,3,37.731,20.663,0,2.450,0.672
105,3,37.797,20.685,0,1.987,0.639
106,3,37.863,20.707,0,1.983,0.667
107,3,37.929,20.730,0,1.980,0.695
108,3,37.995,20.754,0,1.981,0.724
109,3,38.061,20.779,0,1.983,0.752
110,3,38.127,20.805,0,1.988,0.781
111,3,38.194,20.832,0,1.996,0.809
112,3,38.261,20.860,0,2.005,0.837
113,3,38.328,20.889,0,2.018,0.866
114,3,38.396,20.919,0,2.032,0.894
115,3,38.464,20.950,0,2.049,0.923
116,3,38.533,20.981,0,2.069,0.951
117,3,38.603,21.014,0,2.091,0.979
118,3,38.673,21.048,0,2.115,1.008
119,3,38.745,21.082,0,2.142,1.036
120,3,38.817,21.118,0,2.171,1.064
121,3,38.890,21.154,0,2.203,1.093
122,3,38.965,21.191,0,2.237,1.121
123,3,39.041,21.230,0,2.273,1.150
124,3,39.118,21.269,0,2.312,1.178
125,3,39.196,21.309,0,2.353,1.206
126,3,39.276,21.350,0,2.397,1.235
127,3,39.333,21.380,0,1.711,0.897
128,3,39.390,21.411,0,1.702,0.918
129,3,39.446,21.442,0,1.694,0.938
130,3,39.503,21.474,0,1.690,0.957
131,3,39.559,21.506,0,1.687,0.976
132,3,39.615,21.540,0,1.688,0.994
133,3,39.672,21.573,0,1.691,1.011
134,3,39.728,21.608,0,1.697,1.028
135,3,39.785,21.642,0,1.705,1.044
136,3,39.842,21.678,0,1.716,1.059
137,3,39.900,21.713,0,1.729,1.073
138,3,39.958,21.750,0,1.745,1.087
139,3,40.017,21.786,0,1.764,1.100
140,3,40.076,21.823,0,1.785,1.113
141,3,40.137,21.861,0,1.809,1.125
142,3,40.198,21.899,0,1.835,1.136
143,3,40.260,21.937,0,1.864,1.146
144,3,40.323,21.975,0,1.896,1.156
145,3,40.387,22.014,0,1.930,1.165
146,3,40.453,22.053,0,1.967,1.173
147,3,40.520,22.093,0,2.006,1.181
148,3,40.588,22.132,0,2.048,1.187
149,3,40.658,22.172,0,2.093,1.194
150,3,40.729,22.212,0,2.140,1.199
151,3,40.802,22.252,0,2.189,1.204
152,3,40.877,22.293,0,2.242,1.208
153,3,40.953,22.333,0,2.297,1.212
154,3,41.032,22.373,0,2.354,1.214
155,3,41.112,22.414,0,2.414,1.217
156,3,41.195,22.455,0,2.477,1.218
157,3,41.280,22.495,0,2.542,1.219
158,3,41.335,22.521,0,1.648,0.777
159,3,41.391,22.547,0,1.685,0.788
160,3,41.448,22.574,0,1.720,0.798
161,3,41.507,22.601,0,1.754,0.808
162,3,41.566,22.628,0,1.787,0.817
163,3,41.627,22.656,0,1.818,0.826
164,3,41.688,22.683,0,1.848,0.834
165,3,41.751,22.711,0,1.877,0.842
166,3,41.814,22.740,0,1.904,0.849
167,3,41.879,22.768,0,1.930,0.856
168,3,41.944,22.797,0,1.955,0.862
169,3,42.010,22.826,0,1.979,0.868
170,3,42.077,22.855,0,2.001,0.873
171,3,42.144,22.884,0,2.022,0.878
172,3,42.212,22.914,0,2.041,0.882
173,3,42.281,22.943,0,2.059,0.885
174,3,42.350,22.973,0,2.076,0.888
175,3,42.420,23.003,0,2.092,0.891
176,3,42.490,23.032,0,2.106,0.893
177,3,42.560,23.062,0,2.119,0.894
178,3,42.631,23.092,0,2.131,0.895
179,3,42.703,23.122,0,2.141,0.896
180,3,42.774,23.152,0,2.150,0.895
181,3,42.846,23.181,0,2.158,0.895
182,3,42.919,23.211,0,2.164,0.894
183,3,42.991,23.241,0,2.169,0.892
184,3,43.063,23.271,0,2.173,0.890
185,3,43.136,23.300,0,2.175,0.887
186,3,43.208,23.330,0,2.176,0.884
187,3,43.281,23.359,0,2.176,0.880
188,3,43.353,23.388,0,2.175,0.876
189,3,43.426,23.417,0,2.172,0.871
190,3,43.498,23.446,0,2.168,0.865
191,3,43.570,23.475,0,2.162,0.860
192,3,43.642,23.503,0,2.156,0.853
193,3,43.714,23.531,0,2.148,0.846
194,3,43.785,23.559,0,2.138,0.839
195,3,43.856,23.587,0,2.127,0.831
196,3,43.926,23.614,0,2.115,0.822
197,3,43.996,23.642,0,2.102,0.813
198,3,44.066,23.668,0,2.087,0.804
199,3,44.135,23.695,0,2.072,0.793
200,3,44.203,23.721,0,2.054,0.783
201,3,44.271,23.747,0,2.036,0.772
202,3,44.339,23.772,0,2.016,0.760
203,3,44.405,23.797,0,1.995,0.748
204,3,44.471,23.821,0,1.972,0.735
205,3,44.536,23.845,0,1.948,0.722
206,3,44.600,23.869,0,1.923,0.708
207,3,44.676,23.897,0,2.275,0.846
208,3,44.751,23.926,0,2.260,0.862
209,3,44.826,23.955,0,2.246,0.875
210,3,44.900,23.985,0,2.233,0.887
211,3,44.974,24.015,0,2.220,0.897
212,3,45.048,24.045,0,2.208,0.905
213,3,45.121,24.075,0,2.196,0.911
214,3,45.194,24.106,0,2.185,0.915
215,3,45.266,24.136,0,2.174,0.918
216,3,45.338,24.167,0,2.164,0.918
217,3,45.410,24.197,0,2.155,0.917
218,3,45.482,24.228,0,2.146,0.914
219,3,45.553,24.258,0,2.138,0.909
220,3,45.624,24.288,0,2.130,0.902
221,3,45.695,24.318,0,2.123,0.893
222,3,45.765,24.347,0,2.117,0.882
223,3,45.836,24.376,0,2.111,0.870
224,3,45.906,24.405,0,2.106,0.855
225,3,45.976,24.433,0,2.102,0.839
226,3,46.046,24.460,0,2.098,0.821
227,3,46.116,24.487,0,2.094,0.801
228,3,46.186,24.513,0,2.092,0.779
229,3,46.255,24.538,0,2.089,0.755
230,3,46.325,24.562,0,2.088,0.730
231,3,46.394,24.586,0,2.087,0.702
232,3,46.464,24.608,0,2.086,0.673
233,3,46.533,24.630,0,2.087,0.642
234,3,46.603,24.650,0,2.087,0.609
235,3,46.673,24.669,0,2.089,0.574
236,3,46.742,24.687,0,2.091,0.537
237,3,46.812,24.704,0,2.094,0.498
238,3,46.882,24.719,0,2.097,0.458
239,3,46.952,24.733,0,2.101,0.415
240,3,47.022,24.745,0,2.105,0.371
241,3,47.093,24.756,0,2.110,0.325
242,3,47.163,24.765,0,2.116,0.277
243,3,47.234,24.773,0,2.122,0.227
244,3,47.305,24.778,0,2.129,0.175
245,3,47.376,24.782,0,2.136,0.121
246,3,47.447,24.785,0,2.144,0.066
247,3,47.519,24.785,0,2.153,0.008
248,3,47.590,24.784,0,2.129,-0.037
249,3,47.663,24.781,0,2.172,-0.071
250,3,47.736,24.778,0,2.212,-0.105
251,3,47.811,24.773,0,2.249,-0.139
252,3,47.887,24.767,0,2.283,-0.172
253,3,47.964,24.761,0,2.313,-0.206
254,3,48.042,24.753,0,2.340,-0.239
255,3,48.121,24.743,0,2.364,-0.272
256,3,48.201,24.733,0,2.385,-0.305
257,3,48.281,24.722,0,2.402,-0.338
258,3,48.361,24.710,0,2.416,-0.371
259,3,48.442,24.696,0,2.427,-0.403
260,3,48.523,24.682,0,2.434,-0.435
261,3,48.605,24.666,0,2.439,-0.468
262,3,48.686,24.650,0,2.440,-0.500
263,3,48.767,24.632,0,2.437,-0.532
264,3,48.848,24.613,0,2.432,-0.564
265,3,48.929,24.593,0,2.423,-0.595
266,3,49.009,24.572,0,2.411,-0.627
267,3,49.089,24.550,0,2.395,-0.658
268,3,49.169,24.527,0,2.377,-0.690
269,3,49.247,24.503,0,2.355,-0.721
270,3,49.325,24.478,0,2.330,-0.752
271,3,49.401,24.452,0,2.301,-0.783
272,3,49.477,24.425,0,2.270,-0.813
273,3,49.552,24.397,0,2.235,-0.844
274,3,49.625,24.368,0,2.196,-0.875
275,3,49.697,24.338,0,2.155,-0.905
276,3,49.767,24.306,0,2.110,-0.935
277,3,49.836,24.274,0,2.062,-0.965
278,3,49.903,24.241,0,2.011,-0.995
279,3,49.968,24.207,0,1.956,-1.025
280,3,50.031,24.172,0,1.898,-1.054
281,3,50.092,24.136,0,1.837,-1.084
282,3,50.151,24.099,0,1.773,-1.113
283,3,50.208,24.060,0,1.705,-1.142
284,3,50.263,24.021,0,1.634,-1.171
285,3,50.315,23.981,0,1.560,-1.200
286,3,50.364,23.940,0,1.482,-1.229
287,3,50.411,23.898,0,1.402,-1.258
288,3,50.455,23.856,0,1.318,-1.286
289,3,50.496,23.812,0,1.230,-1.315
290,3,50.539,23.759,0,1.308,-1.572
291,3,50.581,23.703,0,1.233,-1.694
292,3,50.619,23.643,0,1.160,-1.808
293,3,50.655,23.579,0,1.088,-1.916
294,3,50.689,23.512,0,1.017,-2.015
295,3,50.721,23.441,0,0.948,-2.108
296,3,50.750,23.368,0,0.881,-2.193
297,3,50.777,23.293,0,0.815,-2.271
298,3,50.803,23.214,0,0.751,-2.342
299,3,50.825,23.134,0,0.688,-2.405
300,3,50.846,23.052,0,0.627,-2.461
301,3,50.865,22.969,0,0.567,-2.510
302,3,50.882,22.884,0,0.509,-2.551
303,3,50.897,22.797,0,0.452,-2.585
304,3,50.910,22.710,0,0.397,-2.612
305,3,50.922,22.623,0,0.343,-2.631
306,3,50.932,22.535,0,0.291,-2.643
307,3,50.940,22.446,0,0.241,-2.648
308,3,50.946,22.358,0,0.192,-2.645
309,3,50.951,22.270,0,0.144,-2.635
310,3,50.954,22.183,0,0.098,-2.618
311,3,50.956,22.097,0,0.053,-2.593
312,3,50.956,22.011,0,0.011,-2.562
313,3,50.955,21.927,0,-0.031,-2.522
314,3,50.953,21.845,0,-0.071,-2.476
315,3,50.949,21.764,0,-0.109,-2.422
316,3,50.944,21.685,0,-0.146,-2.361
317,3,50.938,21.609,0,-0.181,-2.292
318,3,50.931,21.535,0,-0.215,-2.216
319,3,50.923,21.464,0,-0.247,-2.133
320,3,50.914,21.396,0,-0.278,-2.043
321,3,50.903,21.331,0,-0.307,-1.945
322,3,50.892,21.269,0,-0.335,-1.840
323,3,50.880,21.212,0,-0.361,-1.727
324,3,50.867,21.158,0,-0.386,-1.608
325,3,50.854,21.109,0,-0.409,-1.480
326,3,50.839,21.064,0,-0.431,-1.346
327,3,50.806,20.989,0,-0.990,-2.265
328,3,50.762,20.919,0,-1.317,-2.075
329,3,50.709,20.857,0,-1.609,-1.886
330,3,50.647,20.800,0,-1.867,-1.701
331,3,50.577,20.749,0,-2.092,-1.518
332,3,50.501,20.705,0,-2.282,-1.338
333,3,50.419,20.666,0,-2.437,-1.160
334,3,50.334,20.633,0,-2.559,-0.985
335,3,50.246,20.606,0,-2.647,-0.812
336,3,50.156,20.585,0,-2.700,-0.642
337,3,50.065,20.569,0,-2.719,-0.475
338,3,49.975,20.559,0,-2.705,-0.310
339,3,49.887,20.554,0,-2.656,-0.148
340,3,49.801,20.554,0,-2.573,0.012
341,3,49.719,20.560,0,-2.455,0.169
342,3,49.642,20.570,0,-2.304,0.324
343,3,49.572,20.586,0,-2.119,0.476
344,3,49.508,20.607,0,-1.899,0.625
345,3,49.453,20.633,0,-1.645,0.772
346,3,49.408,20.663,0,-1.357,0.916
347,3,49.373,20.698,0,-1.052,1.041
348,3,49.338,20.744,0,-1.056,1.384
349,3,49.303,20.801,0,-1.050,1.694
350,3,49.269,20.866,0,-1.032,1.970
351,3,49.235,20.940,0,-1.002,2.213
352,3,49.203,21.021,0,-0.961,2.422
353,3,49.173,21.108,0,-0.909,2.598
354,3,49.145,21.199,0,-0.845,2.741
355,3,49.119,21.294,0,-0.770,2.850
356,3,49.096,21.391,0,-0.683,2.925
357,3,49.077,21.490,0,-0.585,2.967
358,3,49.061,21.589,0,-0.476,2.976
359,3,49.049,21.688,0,-0.355,2.951
360,3,49.042,21.784,0,-0.222,2.893
361,3,49.039,21.878,0,-0.078,2.801
362,3,49.042,21.967,0,0.077,2.676
363,3,49.050,22.051,0,0.244,2.517
364,3,49.064,22.128,0,0.422,2.325
365,3,49.084,22.198,0,0.611,2.100
366,3,49.111,22.260,0,0.812,1.841
367,3,49.145,22.311,0,1.025,1.548
368,3,49.187,22.352,0,1.249,1.222
369,3,49.236,22.381,0,1.484,0.863
370,3,49.272,22.393,0,1.076,0.369
371,3,49.313,22.402,0,1.226,0.275
372,3,49.359,22.408,0,1.368,0.185
373,3,49.409,22.412,0,1.503,0.098
374,3,49.463,22.412,0,1.630,0.015
375,3,49.521,22.410,0,1.748,-0.065
376,3,49.583,22.405,0,1.859,-0.141
377,3,49.649,22.398,0,1.963,-0.213
378,3,49.718,22.389,0,2.058,-0.282
379,3,49.789,22.377,0,2.146,-0.346
380,3,49.863,22.364,0,2.225,-0.408
381,3,49.940,22.348,0,2.297,-0.465
382,3,50.019,22.331,0,2.361,-0.519
383,3,50.099,22.312,0,2.418,-0.569
384,3,50.181,22.291,0,2.466,-0.616
385,3,50.265,22.269,0,2.507,-0.659
386,3,50.350,22.246,0,2.539,-0.698
387,3,50.435,22.222,0,2.564,-0.734
388,3,50.521,22.196,0,2.581,-0.766
389,3,50.607,22.170,0,2.591,-0.794
390,3,50.694,22.142,0,2.592,-0.819
391,3,50.780,22.114,0,2.586,-0.840
392,3,50.866,22.086,0,2.571,-0.857
393,3,50.951,22.057,0,2.549,-0.870
394,3,51.035,22.027,0,2.519,-0.880
395,3,51.117,21.998,0,2.482,-0.887
396,3,51.199,21.968,0,2.436,-0.889
397,3,51.278,21.939,0,2.383,-0.888
398,3,51.355,21.909,0,2.322,-0.884
399,3,51.430,21.880,0,2.252,-0.875
400,3,51.503,21.851,0,2.176,-0.863
401,3,51.573,21.823,0,2.091,-0.848
402,3,51.639,21.795,0,1.998,-0.828
403,3,51.703,21.768,0,1.898,-0.805
404,3,51.762,21.743,0,1.790,-0.779
405,3,51.818,21.718,0,1.674,-0.748
406,3,51.870,21.694,0,1.550,-0.714
407,3,51.962,21.647,0,2.778,-1.390
408,3,52.048,21.599,0,2.561,-1.455
409,3,52.126,21.548,0,2.360,-1.513
410,3,52.199,21.496,0,2.174,-1.564
411,3,52.266,21.443,0,2.004,-1.608
412,3,52.327,21.388,0,1.849,-1.646
413,3,52.384,21.332,0,1.711,-1.676
414,3,52.437,21.275,0,1.588,-1.701
415,3,52.487,21.218,0,1.481,-1.718
416,3,52.533,21.160,0,1.390,-1.728
417,3,52.577,21.103,0,1.315,-1.732
418,3,52.619,21.045,0,1.255,-1.729
419,3,52.659,20.988,0,1.212,-1.719
420,3,52.698,20.931,0,1.184,-1.703
421,3,52.737,20.875,0,1.171,-1.679
422,3,52.777,20.820,0,1.175,-1.649
423,3,52.816,20.766,0,1.194,-1.613
424,3,52.857,20.714,0,1.229,-1.569
425,3,52.900,20.663,0,1.280,-1.519
426,3,52.959,20.599,0,1.760,-1.938
427,3,53.016,20.539,0,1.719,-1.787
428,3,53.072,20.484,0,1.673,-1.671
429,3,53.126,20.431,0,1.621,-1.588
430,3,53.178,20.379,0,1.564,-1.540
431,3,53.228,20.328,0,1.500,-1.525
432,3,53.276,20.277,0,1.432,-1.543
433,3,53.321,20.224,0,1.357,-1.596
434,3,53.364,20.168,0,1.277,-1.682
435,3,53.403,20.108,0,1.191,-1.802
436,3,53.440,20.042,0,1.100,-1.956
437,3,53.473,19.971,0,1.003,-2.144
438,3,53.503,19.892,0,0.900,-2.366
439,3,53.530,19.805,0,0.792,-2.621
440,3,53.542,19.745,0,0.367,-1.785
441,3,53.549,19.679,0,0.216,-1.981
442,3,53.552,19.607,0,0.082,-2.154
443,3,53.551,19.531,0,-0.033,-2.305
444,3,53.546,19.449,0,-0.131,-2.435
445,3,53.539,19.365,0,-0.211,-2.542
446,3,53.530,19.277,0,-0.273,-2.628
447,3,53.520,19.187,0,-0.317,-2.691
448,3,53.508,19.096,0,-0.344,-2.732
449,3,53.497,19.005,0,-0.352,-2.752
450,3,53.485,18.913,0,-0.343,-2.749
451,3,53.475,18.822,0,-0.317,-2.724
452,3,53.465,18.733,0,-0.272,-2.678
453,3,53.458,18.646,0,-0.210,-2.609
454,3,53.454,18.562,0,-0.129,-2.518
455,3,53.453,18.482,0,-0.031,-2.405
456,3,53.456,18.406,0,0.084,-2.271
457,3,53.463,18.336,0,0.218,-2.114
458,3,53.475,18.271,0,0.369,-1.935
459,3,53.493,18.213,0,0.538,-1.734
460,3,53.518,18.163,0,0.725,-1.511
461,3,53.549,18.121,0,0.930,-1.266
462,3,53.587,18.087,0,1.152,-0.999
463,3,53.628,18.063,0,1.227,-0.720
464,3,53.675,18.042,0,1.425,-0.639
465,3,53.729,18.024,0,1.608,-0.557
466,3,53.788,18.008,0,1.776,-0.473
467,3,53.852,17.995,0,1.928,-0.387
468,3,53.921,17.985,0,2.065,-0.300
469,3,53.994,17.978,0,2.187,-0.210
470,3,54.071,17.974,0,2.294,-0.119
471,3,54.150,17.973,0,2.385,-0.027
472,3,54.232,17.975,0,2.462,0.068
473,3,54.316,17.981,0,2.523,0.164
474,3,54.402,17.989,0,2.568,0.262
475,3,54.489,18.002,0,2.599,0.362
476,3,54.576,18.017,0,2.614,0.464
477,3,54.663,18.036,0,2.614,0.567
478,3,54.749,18.058,0,2.599,0.672
479,3,54.835,18.084,0,2.568,0.779
480,3,54.919,18.114,0,2.523,0.888
481,3,55.001,18.147,0,2.462,0.998
482,3,55.081,18.184,0,2.385,1.111
483,3,55.157,18.225,0,2.294,1.224
484,3,55.230,18.270,0,2.187,1.340
485,3,55.299,18.318,0,2.065,1.458
486,3,55.363,18.371,0,1.928,1.577
487,3,55.422,18.427,0,1.776,1.698
488,3,55.476,18.488,0,1.608,1.820
489,3,55.509,18.531,0,0.980,1.272
490,3,55.541,18.576,0,0.966,1.367
491,3,55.573,18.625,0,0.951,1.458
492,3,55.604,18.676,0,0.935,1.545
493,3,55.634,18.730,0,0.919,1.628
494,3,55.664,18.787,0,0.902,1.707
495,3,55.694,18.847,0,0.885,1.782
496,3,55.723,18.909,0,0.867,1.853
497,3,55.751,18.973,0,0.848,1.920
498,3,55.779,19.039,0,0.829,1.983
499,3,55.806,19.107,0,0.810,2.043
500,3,55.832,19.177,0,0.790,2.098
501,3,55.858,19.248,0,0.769,2.150
502,3,55.883,19.322,0,0.748,2.197
503,3,55.907,19.396,0,0.726,2.241
504,3,55.930,19.472,0,0.703,2.280
505,3,55.953,19.549,0,0.680,2.316
506,3,55.975,19.628,0,0.657,2.347
507,3,55.996,19.707,0,0.633,2.375
508,3,56.016,19.787,0,0.608,2.399
509,3,56.036,19.867,0,0.583,2.419
510,3,56.054,19.949,0,0.557,2.435
511,3,56.072,20.030,0,0.531,2.447
512,3,56.089,20.112,0,0.504,2.455
513,3,56.105,20.194,0,0.476,2.459
514,3,56.120,20.276,0,0.448,2.459
515,3,56.134,20.358,0,0.420,2.455
516,3,56.147,20.439,0,0.391,2.447
517,3,56.159,20.521,0,0.361,2.436
518,3,56.170,20.601,0,0.331,2.420
519,3,56.180,20.681,0,0.300,2.400
520,3,56.189,20.760,0,0.268,2.377
521,3,56.196,20.839,0,0.236,2.349
522,3,56.203,20.916,0,0.204,2.318
523,3,56.209,20.992,0,0.171,2.283
524,3,56.214,21.067,0,0.137,2.243
525,3,56.217,21.140,0,0.103,2.200
526,3,56.219,21.212,0,0.068,2.153
527,3,56.220,21.282,0,0.033,2.102
528,3,56.220,21.350,0,-0.003,2.047
529,3,56.218,21.425,0,-0.062,2.251
530,3,56.214,21.501,0,-0.135,2.267
531,3,56.207,21.577,0,-0.205,2.281
532,3,56.198,21.653,0,-0.272,2.293
533,3,56.187,21.730,0,-0.335,2.303
534,3,56.173,21.807,0,-0.395,2.311
535,3,56.158,21.884,0,-0.451,2.316
536,3,56.142,21.962,0,-0.504,2.319
537,3,56.123,22.039,0,-0.553,2.320
538,3,56.103,22.116,0,-0.599,2.319
539,3,56.082,22.193,0,-0.642,2.315
540,3,56.059,22.270,0,-0.681,2.309
541,3,56.035,22.347,0,-0.717,2.301
542,3,56.010,22.424,0,-0.749,2.291
543,3,55.984,22.499,0,-0.778,2.279
544,3,55.957,22.575,0,-0.804,2.264
545,3,55.930,22.650,0,-0.826,2.247
546,3,55.902,22.724,0,-0.844,2.228
547,3,55.873,22.798,0,-0.860,2.207
548,3,55.844,22.871,0,-0.872,2.184
549,3,55.815,22.942,0,-0.880,2.158
550,3,55.785,23.013,0,-0.885,2.130
551,3,55.756,23.083,0,-0.886,2.100
552,3,55.726,23.152,0,-0.885,2.068
553,3,55.697,23.220,0,-0.879,2.034
554,3,55.668,23.287,0,-0.871,1.997
555,3,55.639,23.352,0,-0.858,1.958
556,3,55.611,23.416,0,-0.843,1.917
557,3,55.584,23.478,0,-0.824,1.874
558,3,55.557,23.539,0,-0.801,1.828
559,3,55.531,23.599,0,-0.776,1.781
560,3,55.506,23.656,0,-0.746,1.731
561,3,55.482,23.712,0,-0.714,1.679
562,3,55.460,23.766,0,-0.678,1.624
563,3,55.439,23.819,0,-0.638,1.568
564,3,55.419,23.869,0,-0.595,1.509
565,3,55.372,23.985,0,-1.416,3.485
566,3,55.322,24.097,0,-1.483,3.348
567,3,55.271,24.203,0,-1.525,3.195
568,3,55.220,24.304,0,-1.544,3.028
569,3,55.169,24.399,0,-1.538,2.844
570,3,55.118,24.487,0,-1.507,2.646
571,3,55.070,24.568,0,-1.452,2.432
572,3,55.024,24.642,0,-1.373,2.203
573,3,54.982,24.707,0,-1.269,1.959
574,3,54.944,24.764,0,-1.141,1.699
575,3,54.911,24.811,0,-0.988,1.425
576,3,54.884,24.849,0,-0.811,1.135
577,3,54.864,24.877,0,-0.610,0.829
578,3,54.851,24.894,0,-0.384,0.509
579,3,54.846,24.899,0,-0.133,0.173
580,3,54.846,24.899,0,0.000,-0.000
581,3,54.846,24.899,0,0.000,-0.000
582,3,54.846,24.899,0,0.000,-0.000
583,3,54.846,24.899,0,0.000,-0.000
584,3,54.846,24.899,0,0.000,-0.000
585,3,54.846,24.899,0,0.000,-0.000
586,3,54.846,24.899,0,0.000,-0.000
587,3,54.846,24.899,0,0.000,-0.000
588,3,54.846,24.899,0,0.000,-0.000
589,3,54.846,24.899,0,0.000,-0.000
590,3,54.846,24.899,0,0.000,-0.000
591,3,54.846,24.899,0,0.000,-0.000
592,3,54.846,24.899,0,0.000,-0.000
593,3,54.846,24.899,0,0.000,-0.000
594,3,54.846,24.899,0,0.000,-0.000
595,3,54.846,24.899,0,0.000,-0.000
596,3,54.846,24.899,0,0.000,-0.000
597,3,54.846,24.899,0,0.000,-0.000
598,3,54.846,24.899,0,0.000,-0.000
599,3,54.846,24.899,0,0.000,-0.000
0,4,14.833,11.848,0,0.859,-0.176
1,4,14.862,11.842,0,0.859,-0.176
2,4,14.941,11.824,0,2.361,-0.535
3,4,15.059,11.794,0,3.542,-0.904
4,4,15.205,11.751,0,4.401,-1.283
5,4,15.370,11.696,0,4.937,-1.672
6,4,15.542,11.627,0,5.152,-2.071
7,4,15.710,11.544,0,5.045,-2.480
8,4,15.864,11.447,0,4.615,-2.900
9,4,15.947,11.382,0,2.499,-1.958
10,4,16.033,11.306,0,2.583,-2.282
11,4,16.121,11.221,0,2.653,-2.554
12,4,16.212,11.128,0,2.710,-2.773
13,4,16.303,11.030,0,2.753,-2.940
14,4,16.396,10.928,0,2.784,-3.053
15,4,16.490,10.825,0,2.802,-3.115
16,4,16.583,10.721,0,2.806,-3.124
17,4,16.676,10.618,0,2.797,-3.080
18,4,16.769,10.518,0,2.775,-2.983
19,4,16.860,10.424,0,2.740,-2.834
20,4,16.950,10.336,0,2.692,-2.633
21,4,17.038,10.257,0,2.631,-2.379
22,4,17.123,10.188,0,2.556,-2.072
23,4,17.245,10.101,0,3.663,-2.603
24,4,17.354,10.034,0,3.274,-2.002
25,4,17.456,9.982,0,3.048,-1.564
26,4,17.555,9.939,0,2.985,-1.289
27,4,17.658,9.900,0,3.084,-1.175
28,4,17.770,9.859,0,3.345,-1.225
29,4,17.895,9.811,0,3.769,-1.437
30,4,18.040,9.751,0,4.356,-1.812
31,4,18.211,9.673,0,5.105,-2.349
32,4,18.298,9.630,0,2.613,-1.273
33,4,18.392,9.583,0,2.841,-1.403
34,4,18.494,9.533,0,3.044,-1.518
35,4,18.601,9.479,0,3.222,-1.618
36,4,18.714,9.422,0,3.375,-1.702
37,4,18.830,9.363,0,3.502,-1.771
38,4,18.951,9.302,0,3.605,-1.824
39,4,19.073,9.240,0,3.682,-1.862
40,4,19.198,9.178,0,3.735,-1.884
41,4,19.323,9.115,0,3.762,-1.891
42,4,19.449,9.052,0,3.764,-1.882
43,4,19.573,8.990,0,3.741,-1.858
44,4,19.697,8.929,0,3.693,-1.819
45,4,19.817,8.870,0,3.620,-1.764
46,4,19.935,8.814,0,3.522,-1.693
47,4,20.048,8.760,0,3.398,-1.607
48,4,20.156,8.710,0,3.250,-1.506
49,4,20.259,8.664,0,3.076,-1.389
50,4,20.355,8.622,0,2.877,-1.257
51,4,20.443,8.585,0,2.653,-1.109
52,4,20.616,8.515,0,5.183,-2.104
53,4,20.763,8.457,0,4.412,-1.750
54,4,20.890,8.409,0,3.826,-1.425
55,4,21.004,8.371,0,3.423,-1.128
56,4,21.111,8.343,0,3.204,-0.860
57,4,21.217,8.322,0,3.168,-0.620
58,4,21.327,8.309,0,3.317,-0.408
59,4,21.449,8.301,0,3.649,-0.224
60,4,21.588,8.299,0,4.165,-0.068
61,4,21.705,8.302,0,3.503,0.098
62,4,21.830,8.311,0,3.748,0.280
63,4,21.961,8.326,0,3.938,0.441
64,4,22.097,8.345,0,4.076,0.581
65,4,22.235,8.369,0,4.159,0.700
66,4,22.375,8.395,0,4.189,0.799
67,4,22.514,8.425,0,4.165,0.876
68,4,22.650,8.456,0,4.088,0.933
69,4,22.782,8.488,0,3.956,0.968
70,4,22.908,8.521,0,3.772,0.983
71,4,23.025,8.553,0,3.533,0.977
72,4,23.133,8.585,0,3.241,0.951
73,4,23.276,8.623,0,4.268,1.154
74,4,23.399,8.651,0,3.688,0.832
75,4,23.508,8.676,0,3.279,0.751
76,4,23.609,8.707,0,3.040,0.912
77,4,23.708,8.750,0,2.973,1.315
78,4,23.811,8.816,0,3.077,1.959
79,4,23.923,8.911,0,3.352,2.844
80,4,24.049,9.043,0,3.799,3.971
81,4,24.109,9.112,0,1.777,2.084
82,4,24.171,9.191,0,1.885,2.349
83,4,24.237,9.277,0,1.979,2.588
84,4,24.306,9.370,0,2.058,2.801
85,4,24.377,9.470,0,2.121,2.989
86,4,24.449,9.575,0,2.170,3.152
87,4,24.522,9.685,0,2.203,3.289
88,4,24.597,9.798,0,2.222,3.400
89,4,24.671,9.914,0,2.225,3.486
90,4,24.745,10.032,0,2.214,3.547
91,4,24.817,10.152,0,2.187,3.581
92,4,24.889,10.272,0,2.146,3.591
93,4,24.959,10.391,0,2.089,3.574
94,4,25.026,10.508,0,2.017,3.532
95,4,25.090,10.624,0,1.931,3.465
96,4,25.151,10.736,0,1.829,3.372
97,4,25.208,10.845,0,1.713,3.254
98,4,25.261,10.948,0,1.581,3.110
99,4,25.309,11.046,0,1.434,2.940
100,4,25.370,11.182,0,1.840,4.051
101,4,25.423,11.310,0,1.581,3.854
102,4,25.468,11.433,0,1.356,3.696
103,4,25.507,11.552,0,1.167,3.575
104,4,25.541,11.669,0,1.013,3.491
105,4,25.570,11.784,0,0.894,3.445
106,4,25.597,11.898,0,0.811,3.436
107,4,25.623,12.014,0,0.762,3.465
108,4,25.648,12.131,0,0.749,3.532
109,4,25.674,12.252,0,0.771,3.635
110,4,25.701,12.378,0,0.828,3.777
111,4,25.732,12.510,0,0.920,3.956
112,4,25.767,12.649,0,1.047,4.172
113,4,25.794,12.755,0,0.809,3.170
114,4,25.820,12.865,0,0.805,3.297
115,4,25.847,12.978,0,0.803,3.408
116,4,25.874,13.095,0,0.803,3.504
117,4,25.901,13.215,0,0.805,3.583
118,4,25.928,13.336,0,0.809,3.647
119,4,25.955,13.459,0,0.814,3.694
120,4,25.982,13.584,0,0.821,3.726
121,4,26.010,13.708,0,0.830,3.742
122,4,26.038,13.833,0,0.840,3.742
123,4,26.066,13.957,0,0.853,3.726
124,4,26.095,14.080,0,0.867,3.694
125,4,26.125,14.202,0,0.883,3.647
126,4,26.155,14.321,0,0.900,3.583
127,4,26.185,14.438,0,0.920,3.504
128,4,26.217,14.552,0,0.941,3.408
129,4,26.249,14.662,0,0.964,3.297
130,4,26.282,14.767,0,0.989,3.170
131,4,26.325,14.896,0,1.301,3.866
132,4,26.369,15.018,0,1.327,3.649
133,4,26.415,15.133,0,1.354,3.470
134,4,26.461,15.244,0,1.380,3.329
135,4,26.507,15.352,0,1.406,3.225
136,4,26.555,15.457,0,1.433,3.159
137,4,26.604,15.562,0,1.459,3.130
138,4,26.653,15.666,0,1.485,3.139
139,4,26.704,15.772,0,1.511,3.185
140,4,26.755,15.881,0,1.538,3.269
141,4,26.807,15.994,0,1.564,3.390
142,4,26.860,16.113,0,1.590,3.549
143,4,26.914,16.237,0,1.617,3.746
144,4,26.969,16.370,0,1.643,3.980
145,4,27.009,16.473,0,1.209,3.090
146,4,27.049,16.580,0,1.192,3.207
147,4,27.088,16.690,0,1.180,3.311
148,4,27.127,16.804,0,1.174,3.403
149,4,27.166,16.920,0,1.174,3.484
150,4,27.206,17.038,0,1.181,3.552
151,4,27.246,17.159,0,1.193,3.608
152,4,27.286,17.280,0,1.211,3.653
153,4,27.327,17.403,0,1.235,3.685
154,4,27.369,17.527,0,1.266,3.705
155,4,27.413,17.650,0,1.302,3.714
156,4,27.457,17.774,0,1.344,3.710
157,4,27.504,17.897,0,1.393,3.694
158,4,27.552,18.019,0,1.447,3.666
159,4,27.602,18.140,0,1.507,3.626
160,4,27.655,18.260,0,1.574,3.575
161,4,27.710,18.377,0,1.646,3.511
162,4,27.767,18.491,0,1.724,3.435
163,4,27.827,18.603,0,1.809,3.347
164,4,27.888,18.708,0,1.825,3.162
165,4,27.953,18.815,0,1.945,3.210
166,4,28.022,18.923,0,2.052,3.246
167,4,28.093,19.032,0,2.147,3.269
168,4,28.167,19.142,0,2.228,3.280
169,4,28.244,19.251,0,2.297,3.279
170,4,28.322,19.360,0,2.353,3.266
171,4,28.402,19.468,0,2.396,3.240
172,4,28.483,19.574,0,2.426,3.202
173,4,28.564,19.680,0,2.443,3.152
174,4,28.646,19.783,0,2.447,3.090
175,4,28.727,19.883,0,2.439,3.016
176,4,28.808,19.981,0,2.417,2.929
177,4,28.887,20.075,0,2.383,2.830
178,4,28.965,20.166,0,2.336,2.719
179,4,29.041,20.252,0,2.275,2.595
180,4,29.114,20.334,0,2.202,2.460
181,4,29.185,20.411,0,2.117,2.312
182,4,29.252,20.483,0,2.018,2.152
183,4,29.316,20.549,0,1.906,1.979
184,4,29.448,20.675,0,3.979,3.783
185,4,29.573,20.776,0,3.746,3.034
186,4,29.691,20.856,0,3.534,2.405
187,4,29.802,20.920,0,3.343,1.896
188,4,29.908,20.970,0,3.173,1.508
189,4,30.009,21.011,0,3.025,1.239
190,4,30.106,21.047,0,2.898,1.091
191,4,30.199,21.083,0,2.791,1.062
192,4,30.289,21.121,0,2.707,1.154
193,4,30.414,21.179,0,3.751,1.717
194,4,30.497,21.211,0,2.487,0.962
195,4,30.580,21.231,0,2.500,0.618
196,4,30.707,21.254,0,3.792,0.687
197,4,30.919,21.293,0,6.361,1.168
198,4,31.002,21.309,0,2.499,0.463
199,4,31.093,21.325,0,2.735,0.481
200,4,31.191,21.341,0,2.953,0.499
201,4,31.297,21.358,0,3.152,0.517
202,4,31.408,21.376,0,3.332,0.535
203,4,31.524,21.395,0,3.493,0.553
204,4,31.645,21.414,0,3.635,0.570
205,4,31.770,21.433,0,3.759,0.588
206,4,31.899,21.453,0,3.863,0.606
207,4,32.031,21.474,0,3.949,0.624
208,4,32.165,21.496,0,4.016,0.642
209,4,32.300,21.518,0,4.063,0.660
210,4,32.437,21.540,0,4.092,0.677
211,4,32.573,21.563,0,4.103,0.695
212,4,32.710,21.587,0,4.094,0.713
213,4,32.845,21.612,0,4.066,0.731
214,4,32.979,21.637,0,4.020,0.749
215,4,33.088,21.657,0,3.253,0.614
216,4,33.198,21.677,0,3.297,0.615
217,4,33.309,21.698,0,3.338,0.619
218,4,33.422,21.719,0,3.377,0.624
219,4,33.535,21.740,0,3.412,0.630
220,4,33.650,21.761,0,3.445,0.639
221,4,33.766,21.783,0,3.475,0.649
222,4,33.883,21.805,0,3.502,0.660
223,4,34.000,21.827,0,3.527,0.674
224,4,34.119,21.850,0,3.548,0.689
225,4,34.237,21.874,0,3.567,0.705
226,4,34.357,21.898,0,3.584,0.724
227,4,34.477,21.923,0,3.597,0.744
228,4,34.597,21.948,0,3.607,0.765
229,4,34.718,21.974,0,3.615,0.789
230,4,34.838,22.002,0,3.620,0.814
231,4,34.959,22.030,0,3.622,0.841
232,4,35.080,22.059,0,3.622,0.869
233,4,35.200,22.089,0,3.619,0.899
234,4,35.321,22.120,0,3.612,0.931
235,4,35.441,22.152,0,3.604,0.964
236,4,35.556,22.184,0,3.469,0.973
237,4,35.674,22.219,0,3.531,1.040
238,4,35.794,22.255,0,3.584,1.100
239,4,35.915,22.294,0,3.629,1.153
240,4,36.037,22.334,0,3.665,1.198
241,4,36.160,22.375,0,3.693,1.236
242,4,36.284,22.417,0,3.712,1.267
243,4,36.408,22.460,0,3.722,1.291
244,4,36.532,22.504,0,3.723,1.308
245,4,36.656,22.548,0,3.715,1.317
246,4,36.779,22.592,0,3.699,1.319
247,4,36.901,22.636,0,3.674,1.313
248,4,37.023,22.679,0,3.641,1.301
249,4,37.143,22.722,0,3.599,1.281
250,4,37.261,22.763,0,3.548,1.254
251,4,37.377,22.804,0,3.488,1.220
252,4,37.491,22.843,0,3.420,1.178
253,4,37.603,22.881,0,3.343,1.129
254,4,37.711,22.917,0,3.257,1.073
255,4,37.817,22.950,0,3.162,1.010
256,4,37.919,22.982,0,3.059,0.939
257,4,38.017,23.010,0,2.947,0.861
258,4,38.166,23.048,0,4.468,1.143
259,4,38.310,23.078,0,4.328,0.885
260,4,38.450,23.100,0,4.188,0.676
261,4,38.585,23.118,0,4.048,0.516
262,4,38.715,23.131,0,3.908,0.404
263,4,38.840,23.143,0,3.768,0.342
264,4,38.961,23.153,0,3.627,0.328
265,4,39.078,23.166,0,3.487,0.363
266,4,39.189,23.180,0,3.347,0.447
267,4,39.296,23.200,0,3.207,0.580
268,4,39.398,23.225,0,3.067,0.761
269,4,39.496,23.258,0,2.926,0.991
270,4,39.589,23.301,0,2.786,1.270
271,4,39.677,23.354,0,2.646,1.598
272,4,39.771,23.429,0,2.817,2.258
273,4,39.853,23.516,0,2.474,2.595
274,4,39.926,23.612,0,2.182,2.888
275,4,39.991,23.716,0,1.940,3.135
276,4,40.049,23.828,0,1.750,3.338
277,4,40.103,23.944,0,1.609,3.496
278,4,40.153,24.064,0,1.520,3.609
279,4,40.203,24.187,0,1.481,3.678
280,4,40.252,24.310,0,1.493,3.701
281,4,40.304,24.433,0,1.556,3.681
282,4,40.360,24.554,0,1.669,3.615
283,4,40.421,24.670,0,1.833,3.505
284,4,40.480,24.777,0,1.756,3.204
285,4,40.537,24.886,0,1.711,3.263
286,4,40.593,24.996,0,1.683,3.311
287,4,40.648,25.108,0,1.671,3.347
288,4,40.704,25.220,0,1.676,3.371
289,4,40.761,25.333,0,1.697,3.384
290,4,40.819,25.446,0,1.734,3.385
291,4,40.878,25.558,0,1.788,3.374
292,4,40.940,25.670,0,1.859,3.351
293,4,41.005,25.781,0,1.946,3.317
294,4,41.073,25.890,0,2.049,3.270
295,4,41.146,25.997,0,2.168,3.213
296,4,41.222,26.101,0,2.304,3.143
297,4,41.297,26.199,0,2.251,2.918
298,4,41.375,26.298,0,2.335,2.975
299,4,41.456,26.398,0,2.415,3.008
300,4,41.539,26.499,0,2.491,3.020
301,4,41.624,26.599,0,2.564,3.008
302,4,41.712,26.698,0,2.633,2.975
303,4,41.802,26.796,0,2.698,2.918
304,4,41.894,26.890,0,2.759,2.839
305,4,41.988,26.981,0,2.817,2.738
306,4,42.084,27.069,0,2.871,2.614
307,4,42.181,27.151,0,2.921,2.468
308,4,42.280,27.228,0,2.967,2.299
309,4,42.380,27.298,0,3.010,2.107
310,4,42.482,27.361,0,3.048,1.893
311,4,42.593,27.419,0,3.347,1.755
312,4,42.708,27.468,0,3.431,1.462
313,4,42.825,27.508,0,3.509,1.211
314,4,42.944,27.542,0,3.579,1.002
315,4,43.065,27.570,0,3.643,0.836
316,4,43.189,27.593,0,3.699,0.711
317,4,43.314,27.614,0,3.748,0.629
318,4,43.440,27.634,0,3.790,0.589
319,4,43.567,27.654,0,3.825,0.592
320,4,43.696,27.675,0,3.854,0.636
321,4,43.825,27.699,0,3.875,0.723
322,4,43.955,27.727,0,3.889,0.852
323,4,44.085,27.762,0,3.896,1.023
324,4,44.199,27.797,0,3.432,1.049
325,4,44.317,27.836,0,3.528,1.182
326,4,44.437,27.879,0,3.606,1.287
327,4,44.559,27.924,0,3.665,1.365
328,4,44.682,27.971,0,3.706,1.415
329,4,44.807,28.019,0,3.729,1.438
330,4,44.931,28.067,0,3.734,1.433
331,4,45.055,28.114,0,3.720,1.401
332,4,45.178,28.159,0,3.688,1.342
333,4,45.299,28.200,0,3.638,1.255
334,4,45.418,28.238,0,3.569,1.140
335,4,45.534,28.272,0,3.482,0.998
336,4,45.647,28.299,0,3.377,0.829
337,4,45.755,28.320,0,3.253,0.632
338,4,45.859,28.334,0,3.111,0.408
339,4,46.004,28.341,0,4.342,0.208
340,4,46.137,28.334,0,3.983,-0.194
341,4,46.260,28.317,0,3.712,-0.534
342,4,46.378,28.290,0,3.528,-0.812
343,4,46.492,28.255,0,3.432,-1.029
344,4,46.606,28.216,0,3.423,-1.183
345,4,46.723,28.173,0,3.502,-1.276
346,4,46.846,28.130,0,3.669,-1.307
347,4,46.976,28.087,0,3.923,-1.276
348,4,47.118,28.048,0,4.265,-1.183
349,4,47.228,28.021,0,3.285,-0.810
350,4,47.343,27.993,0,3.459,-0.837
351,4,47.463,27.964,0,3.604,-0.863
352,4,47.587,27.934,0,3.721,-0.889
353,4,47.714,27.904,0,3.810,-0.916
354,4,47.843,27.873,0,3.871,-0.942
355,4,47.974,27.840,0,3.903,-0.968
356,4,48.104,27.807,0,3.907,-0.994
357,4,48.233,27.773,0,3.884,-1.021
358,4,48.361,27.738,0,3.832,-1.047
359,4,48.486,27.702,0,3.752,-1.073
360,4,48.607,27.666,0,3.643,-1.100
361,4,48.724,27.628,0,3.507,-1.126
362,4,48.836,27.590,0,3.342,-1.152
363,4,48.980,27.541,0,4.320,-1.459
364,4,49.133,27.494,0,4.592,-1.430
365,4,49.290,27.446,0,4.725,-1.427
366,4,49.448,27.398,0,4.718,-1.452
367,4,49.600,27.347,0,4.573,-1.503
368,4,49.743,27.295,0,4.287,-1.582
369,4,49.872,27.238,0,3.863,-1.688
370,4,49.982,27.178,0,3.299,-1.821
371,4,50.068,27.112,0,2.596,-1.981
372,4,50.127,27.040,0,1.753,-2.168
373,4,50.152,26.960,0,0.772,-2.382
374,4,50.145,26.884,0,-0.236,-2.282
375,4,50.110,26.798,0,-1.033,-2.579
376,4,50.053,26.704,0,-1.721,-2.817
377,4,49.976,26.604,0,-2.302,-2.997
378,4,49.883,26.500,0,-2.775,-3.118
379,4,49.779,26.394,0,-3.140,-3.181
380,4,49.666,26.288,0,-3.397,-3.184
381,4,49.547,26.184,0,-3.546,-3.130
382,4,49.428,26.083,0,-3.588,-3.016
383,4,49.310,25.989,0,-3.521,-2.844
384,4,49.199,25.901,0,-3.347,-2.614
385,4,49.097,25.824,0,-3.065,-2.325
386,4,49.008,25.758,0,-2.675,-1.977
387,4,48.880,25.680,0,-3.814,-2.345
388,4,48.762,25.632,0,-3.565,-1.439
389,4,48.648,25.604,0,-3.418,-0.835
390,4,48.535,25.586,0,-3.371,-0.533
391,4,48.421,25.569,0,-3.425,-0.533
392,4,48.302,25.541,0,-3.579,-0.835
393,4,48.174,25.493,0,-3.834,-1.439
394,4,48.034,25.415,0,-4.189,-2.345
395,4,47.952,25.359,0,-2.481,-1.656
396,4,47.861,25.297,0,-2.717,-1.862
397,4,47.764,25.229,0,-2.908,-2.045
398,4,47.662,25.156,0,-3.053,-2.206
399,4,47.557,25.077,0,-3.152,-2.343
400,4,47.450,24.996,0,-3.206,-2.458
401,4,47.343,24.911,0,-3.213,-2.549
402,4,47.238,24.823,0,-3.175,-2.618
403,4,47.135,24.735,0,-3.091,-2.664
404,4,47.036,24.645,0,-2.961,-2.687
405,4,46.943,24.555,0,-2.786,-2.687
406,4,46.857,24.467,0,-2.565,-2.664
407,4,46.781,24.379,0,-2.297,-2.618
408,4,46.715,24.294,0,-1.984,-2.549
409,4,46.661,24.212,0,-1.626,-2.458
410,4,46.598,24.082,0,-1.887,-3.903
411,4,46.564,23.957,0,-1.018,-3.748
412,4,46.552,23.835,0,-0.339,-3.670
413,4,46.557,23.713,0,0.148,-3.670
414,4,46.572,23.588,0,0.445,-3.748
415,4,46.591,23.458,0,0.551,-3.903
416,4,46.606,23.320,0,0.466,-4.137
417,4,46.612,23.172,0,0.191,-4.448
418,4,46.603,23.010,0,-0.276,-4.836
419,4,46.590,22.906,0,-0.409,-3.144
420,4,46.572,22.794,0,-0.525,-3.344
421,4,46.552,22.677,0,-0.619,-3.514
422,4,46.528,22.555,0,-0.693,-3.656
423,4,46.504,22.429,0,-0.744,-3.769
424,4,46.478,22.301,0,-0.775,-3.853
425,4,46.452,22.171,0,-0.784,-3.908
426,4,46.426,22.040,0,-0.772,-3.934
427,4,46.401,21.909,0,-0.738,-3.931
428,4,46.379,21.779,0,-0.683,-3.899
429,4,46.358,21.651,0,-0.607,-3.838
430,4,46.341,21.526,0,-0.509,-3.748
431,4,46.328,21.405,0,-0.390,-3.629
432,4,46.320,21.289,0,-0.250,-3.481
433,4,46.317,21.179,0,-0.088,-3.304
434,4,46.322,21.037,0,0.135,-4.244
435,4,46.334,20.903,0,0.381,-4.016
436,4,46.354,20.775,0,0.587,-3.832
437,4,46.379,20.652,0,0.755,-3.690
438,4,46.408,20.533,0,0.884,-3.591
439,4,46.441,20.415,0,0.974,-3.534
440,4,46.475,20.298,0,1.026,-3.520
441,4,46.510,20.179,0,1.039,-3.548
442,4,46.544,20.059,0,1.013,-3.619
443,4,46.575,19.934,0,0.948,-3.733
444,4,46.603,19.805,0,0.845,-3.889
445,4,46.626,19.682,0,0.694,-3.684
446,4,46.648,19.557,0,0.658,-3.746
447,4,46.669,19.430,0,0.634,-3.800
448,4,46.690,19.302,0,0.622,-3.845
449,4,46.711,19.173,0,0.622,-3.880
450,4,46.732,19.043,0,0.634,-3.907
451,4,46.754,18.912,0,0.658,-3.925
452,4,46.777,18.781,0,0.694,-3.934
453,4,46.802,18.650,0,0.741,-3.934
454,4,46.829,18.519,0,0.801,-3.925
455,4,46.858,18.388,0,0.873,-3.907
456,4,46.890,18.259,0,0.956,-3.880
457,4,46.922,18.138,0,0.968,-3.646
458,4,46.957,18.012,0,1.048,-3.779
459,4,46.994,17.883,0,1.116,-3.872
460,4,47.033,17.752,0,1.172,-3.925
461,4,47.074,17.620,0,1.217,-3.939
462,4,47.115,17.490,0,1.250,-3.912
463,4,47.158,17.362,0,1.271,-3.846
464,4,47.200,17.237,0,1.280,-3.739
465,4,47.243,17.117,0,1.278,-3.593
466,4,47.285,17.004,0,1.264,-3.407
467,4,47.326,16.898,0,1.238,-3.181
468,4,47.366,16.801,0,1.201,-2.916
469,4,47.405,16.714,0,1.151,-2.610
470,4,47.494,16.538,0,2.665,-5.276
471,4,47.573,16.417,0,2.377,-3.613
472,4,47.653,16.328,0,2.418,-2.693
473,4,47.746,16.244,0,2.789,-2.514
474,4,47.863,16.141,0,3.490,-3.077
475,4,47.957,16.067,0,2.821,-2.220
476,4,48.069,15.994,0,3.378,-2.180
477,4,48.193,15.922,0,3.713,-2.180
478,4,48.321,15.848,0,3.827,-2.220
479,4,48.445,15.771,0,3.720,-2.301
480,4,48.558,15.690,0,3.391,-2.422
481,4,48.652,15.604,0,2.841,-2.583
482,4,48.721,15.511,0,2.069,-2.784
483,4,48.747,15.385,0,0.766,-3.790
484,4,48.719,15.236,0,-0.841,-4.486
485,4,48.664,15.076,0,-1.637,-4.791
486,4,48.610,14.919,0,-1.622,-4.706
487,4,48.584,14.778,0,-0.796,-4.231
488,4,48.612,14.666,0,0.841,-3.365
489,4,48.721,14.596,0,3.289,-2.108
490,4,48.792,14.581,0,2.126,-0.447
491,4,48.880,14.571,0,2.620,-0.295
492,4,48.981,14.566,0,3.057,-0.152
493,4,49.096,14.565,0,3.436,-0.017
494,4,49.221,14.569,0,3.757,0.110
495,4,49.355,14.576,0,4.021,0.229
496,4,49.496,14.588,0,4.228,0.341
497,4,49.642,14.603,0,4.377,0.444
498,4,49.791,14.621,0,4.469,0.539
499,4,49.941,14.642,0,4.504,0.627
500,4,50.091,14.665,0,4.481,0.706
501,4,50.237,14.691,0,4.400,0.778
502,4,50.379,14.719,0,4.262,0.841
503,4,50.515,14.749,0,4.067,0.897
504,4,50.642,14.780,0,3.815,0.945
505,4,50.759,14.813,0,3.505,0.985
506,4,50.863,14.847,0,3.137,1.016
507,4,50.954,14.882,0,2.712,1.040
508,4,51.106,14.959,0,4.563,2.311
509,4,51.233,15.049,0,3.828,2.693
510,4,51.340,15.149,0,3.185,3.011
511,4,51.427,15.258,0,2.634,3.265
512,4,51.500,15.373,0,2.174,3.456
513,4,51.560,15.492,0,1.807,3.583
514,4,51.611,15.614,0,1.531,3.647
515,4,51.656,15.735,0,1.347,3.647
516,4,51.698,15.855,0,1.256,3.583
517,4,51.733,15.974,0,1.055,3.581
518,4,51.757,16.097,0,0.709,3.673
519,4,51.770,16.222,0,0.398,3.750
520,4,51.774,16.349,0,0.122,3.814
521,4,51.770,16.478,0,-0.118,3.863
522,4,51.759,16.608,0,-0.323,3.899
523,4,51.743,16.738,0,-0.492,3.920
524,4,51.722,16.869,0,-0.627,3.927
525,4,51.698,17.000,0,-0.726,3.920
526,4,51.674,17.121,0,-0.717,3.630
527,4,51.648,17.248,0,-0.794,3.803
528,4,51.618,17.378,0,-0.897,3.909
529,4,51.583,17.509,0,-1.026,3.949
530,4,51.544,17.640,0,-1.181,3.921
531,4,51.499,17.768,0,-1.361,3.827
532,4,51.447,17.890,0,-1.567,3.666
533,4,51.387,18.005,0,-1.799,3.437
534,4,51.318,18.109,0,-2.056,3.142
535,4,51.240,18.202,0,-2.340,2.779
536,4,51.149,18.282,0,-2.733,2.396
537,4,51.044,18.351,0,-3.161,2.069
538,4,50.927,18.411,0,-3.501,1.795
539,4,50.802,18.463,0,-3.753,1.571
540,4,50.671,18.510,0,-3.918,1.400
541,4,50.538,18.552,0,-3.995,1.279
542,4,50.405,18.593,0,-3.985,1.211
543,4,50.276,18.632,0,-3.887,1.194
544,4,50.152,18.673,0,-3.702,1.228
545,4,50.038,18.717,0,-3.429,1.314
546,4,49.892,18.778,0,-4.377,1.831
547,4,49.733,18.844,0,-4.773,1.979
548,4,49.571,18.911,0,-4.867,2.006
549,4,49.415,18.975,0,-4.659,1.912
550,4,49.277,19.031,0,-4.149,1.697
551,4,49.166,19.077,0,-3.337,1.362
552,4,49.092,19.107,0,-2.224,0.906
553,4,49.065,19.118,0,-0.808,0.329
554,4,49.065,19.118,0,0.000,-0.000
555,4,49.065,19.118,0,0.000,-0.000
556,4,49.065,19.118,0,0.000,-0.000
557,4,49.065,19.118,0,0.000,-0.000
558,4,49.065,19.118,0,0.000,-0.000
559,4,49.065,19.118,0,0.000,-0.000
560,4,49.065,19.118,0,0.000,-0.000
561,4,49.065,19.118,0,0.000,-0.000
562,4,49.065,19.118,0,0.000,-0.000
563,4,49.065,19.118,0,0.000,-0.000
564,4,49.065,19.118,0,0.000,-0.000
565,4,49.065,19.118,0,0.000,-0.000
566,4,49.065,19.118,0,0.000,-0.000
567,4,49.065,19.118,0,0.000,-0.000
568,4,49.065,19.118,0,0.000,-0.000
569,4,49.065,19.118,0,0.000,-0.000
570,4,49.065,19.118,0,0.000,-0.000
571,4,49.065,19.118,0,0.000,-0.000
572,4,49.065,19.118,0,0.000,-0.000
573,4,49.065,19.118,0,0.000,-0.000
574,4,49.065,19.118,0,0.000,-0.000
575,4,49.065,19.118,0,0.000,-0.000
576,4,49.065,19.118,0,0.000,-0.000
577,4,49.065,19.118,0,0.000,-0.000
578,4,49.065,19.118,0,0.000,-0.000
579,4,49.065,19.118,0,0.000,-0.000
580,4,49.065,19.118,0,0.000,-0.000
581,4,49.065,19.118,0,0.000,-0.000
582,4,49.065,19.118,0,0.000,-0.000
583,4,49.065,19.118,0,0.000,-0.000
584,4,49.065,19.118,0,0.000,-0.000
585,4,49.065,19.118,0,0.000,-0.000
586,4,49.065,19.118,0,0.000,-0.000
587,4,49.065,19.118,0,0.000,-0.000
588,4,49.065,19.118,0,0.000,-0.000
589,4,49.065,19.118,0,0.000,-0.000
590,4,49.065,19.118,0,0.000,-0.000
591,4,49.065,19.118,0,0.000,-0.000
592,4,49.065,19.118,0,0.000,-0.000
593,4,49.065,19.118,0,0.000,-0.000
594,4,49.065,19.118,0,0.000,-0.000
595,4,49.065,19.118,0,0.000,-0.000
596,4,49.065,19.118,0,0.000,-0.000
597,4,49.065,19.118,0,0.000,-0.000
598,4,49.065,19.118,0,0.000,-0.000
599,4,49.065,19.118,0,0.000,-0.000
0,5,7.907,7.955,1,0.166,0.614
1,5,7.912,7.976,1,0.166,0.614
2,5,7.929,8.034,1,0.489,1.734
3,5,7.955,8.123,1,0.801,2.696
4,5,7.992,8.240,1,1.101,3.498
5,5,8.038,8.378,1,1.390,4.140
6,5,8.094,8.532,1,1.666,4.624
7,5,8.158,8.697,1,1.931,4.947
8,5,8.231,8.867,1,2.185,5.111
9,5,8.312,9.038,1,2.426,5.116
10,5,8.400,9.203,1,2.656,4.961
11,5,8.496,9.358,1,2.874,4.647
12,5,8.599,9.497,1,3.081,4.173
13,5,8.708,9.615,1,3.275,3.540
14,5,8.800,9.695,1,2.762,2.381
15,5,8.904,9.771,1,3.104,2.297
16,5,9.017,9.845,1,3.402,2.218
17,5,9.139,9.917,1,3.656,2.145
18,5,9.268,9.986,1,3.866,2.077
19,5,9.402,10.053,1,4.032,2.014
20,5,9.541,10.118,1,4.154,1.956
21,5,9.682,10.182,1,4.232,1.904
22,5,9.824,10.244,1,4.266,1.856
23,5,9.966,10.304,1,4.256,1.814
24,5,10.106,10.363,1,4.202,1.778
25,5,10.243,10.422,1,4.104,1.746
26,5,10.375,10.479,1,3.961,1.720
27,5,10.501,10.536,1,3.775,1.699
28,5,10.619,10.592,1,3.545,1.683
29,5,10.728,10.647,1,3.270,1.673
30,5,10.826,10.703,1,2.952,1.668
31,5,10.983,10.800,1,4.697,2.907
32,5,11.108,10.884,1,3.771,2.518
33,5,11.212,10.960,1,3.107,2.271
34,5,11.302,11.032,1,2.704,2.165
35,5,11.388,11.105,1,2.563,2.200
36,5,11.477,11.184,1,2.683,2.377
37,5,11.579,11.274,1,3.065,2.695
38,5,11.703,11.379,1,3.708,3.154
39,5,11.857,11.504,1,4.612,3.755
40,5,11.941,11.572,1,2.544,2.013
41,5,12.033,11.643,1,2.738,2.144
42,5,12.130,11.718,1,2.911,2.264
43,5,12.232,11.798,1,3.065,2.373
44,5,12.338,11.880,1,3.198,2.471
45,5,12.449,11.965,1,3.310,2.557
46,5,12.562,12.053,1,3.403,2.632
47,5,12.678,12.143,1,3.475,2.696
48,5,12.796,12.234,1,3.526,2.749
49,5,12.914,12.327,1,3.558,2.790
50,5,13.033,12.421,1,3.569,2.820
51,5,13.152,12.516,1,3.560,2.839
52,5,13.269,12.611,1,3.531,2.846
53,5,13.386,12.706,1,3.481,2.843
54,5,13.499,12.800,1,3.412,2.828
55,5,13.610,12.893,1,3.321,2.801
56,5,13.717,12.985,1,3.211,2.764
57,5,13.820,13.076,1,3.080,2.715
58,5,13.917,13.164,1,2.929,2.655
59,5,14.028,13.269,1,3.313,3.122
60,5,14.134,13.373,1,3.187,3.138
61,5,14.237,13.478,1,3.077,3.151
62,5,14.336,13.584,1,2.981,3.160
63,5,14.433,13.689,1,2.900,3.165
64,5,14.527,13.795,1,2.835,3.166
65,5,14.620,13.900,1,2.785,3.164
66,5,14.712,14.005,1,2.750,3.157
67,5,14.803,14.110,1,2.729,3.147
68,5,14.893,14.215,1,2.724,3.133
69,5,14.984,14.318,1,2.734,3.116
70,5,15.076,14.422,1,2.760,3.094
71,5,15.170,14.524,1,2.800,3.069
72,5,15.265,14.625,1,2.855,3.040
73,5,15.363,14.726,1,2.926,3.008
74,5,15.463,14.825,1,3.011,2.971
75,5,15.564,14.922,1,3.047,2.916
76,5,15.665,15.017,1,3.029,2.853
77,5,15.766,15.110,1,3.020,2.799
78,5,15.867,15.202,1,3.019,2.755
79,5,15.968,15.293,1,3.028,2.722
80,5,16.069,15.383,1,3.045,2.698
81,5,16.171,15.472,1,3.071,2.685
82,5,16.275,15.562,1,3.106,2.682
83,5,16.380,15.651,1,3.149,2.688
84,5,16.487,15.741,1,3.202,2.705
85,5,16.595,15.832,1,3.263,2.732
86,5,16.707,15.925,1,3.333,2.769
87,5,16.820,16.019,1,3.412,2.816
88,5,16.937,16.114,1,3.499,2.873
89,5,17.057,16.212,1,3.596,2.940
90,5,17.180,16.313,1,3.701,3.017
91,5,17.276,16.392,1,2.871,2.376
92,5,17.372,16.474,1,2.889,2.458
93,5,17.469,16.558,1,2.912,2.531
94,5,17.567,16.645,1,2.937,2.593
95,5,17.666,16.733,1,2.966,2.644
96,5,17.766,16.822,1,2.998,2.684
97,5,17.867,16.913,1,3.034,2.714
98,5,17.970,17.004,1,3.073,2.734
99,5,18.073,17.095,1,3.115,2.743
100,5,18.179,17.187,1,3.161,2.741
101,5,18.286,17.278,1,3.210,2.729
102,5,18.394,17.368,1,3.262,2.706
103,5,18.505,17.457,1,3.318,2.673
104,5,18.618,17.545,1,3.377,2.629
105,5,18.732,17.630,1,3.439,2.574
106,5,18.849,17.714,1,3.505,2.509
107,5,18.968,17.795,1,3.574,2.433
108,5,19.090,17.873,1,3.646,2.347
109,5,19.214,17.948,1,3.722,2.250
110,5,19.340,18.020,1,3.801,2.143
111,5,19.470,18.087,1,3.883,2.025
112,5,19.586,18.143,1,3.476,1.658
113,5,19.704,18.194,1,3.555,1.546
114,5,19.825,18.242,1,3.629,1.444
115,5,19.949,18.287,1,3.699,1.352
116,5,20.074,18.330,1,3.765,1.270
117,5,20.202,18.370,1,3.826,1.198
118,5,20.331,18.407,1,3.883,1.136
119,5,20.462,18.444,1,3.935,1.084
120,5,20.595,18.478,1,3.982,1.042
121,5,20.729,18.512,1,4.026,1.011
122,5,20.865,18.545,1,4.064,0.989
123,5,21.001,18.578,1,4.099,0.977
124,5,21.139,18.610,1,4.129,0.976
125,5,21.277,18.643,1,4.154,0.984
126,5,21.416,18.676,1,4.175,1.003
127,5,21.556,18.711,1,4.191,1.032
128,5,21.696,18.746,1,4.203,1.071
129,5,21.837,18.784,1,4.211,1.119
130,5,21.977,18.823,1,4.214,1.178
131,5,22.117,18.865,1,4.212,1.247
132,5,22.258,18.909,1,4.206,1.326
133,5,22.397,18.956,1,4.196,1.415
134,5,22.537,19.006,1,4.181,1.514
135,5,22.676,19.061,1,4.161,1.624
136,5,22.795,19.110,1,3.571,1.480
137,5,22.914,19.162,1,3.598,1.553
138,5,23.035,19.216,1,3.622,1.621
139,5,23.157,19.272,1,3.644,1.684
140,5,23.279,19.330,1,3.664,1.741
141,5,23.402,19.390,1,3.682,1.793
142,5,23.525,19.451,1,3.698,1.840
143,5,23.649,19.514,1,3.711,1.881
144,5,23.773,19.578,1,3.723,1.916
145,5,23.897,19.642,1,3.732,1.947
146,5,24.022,19.708,1,3.740,1.972
147,5,24.147,19.775,1,3.745,1.991
148,5,24.271,19.841,1,3.748,2.005
149,5,24.396,19.908,1,3.749,2.014
150,5,24.521,19.976,1,3.748,2.017
151,5,24.646,20.043,1,3.745,2.015
152,5,24.771,20.110,1,3.740,2.007
153,5,24.895,20.176,1,3.732,1.995
154,5,25.019,20.242,1,3.723,1.976
155,5,25.143,20.307,1,3.711,1.953
156,5,25.266,20.371,1,3.697,1.923
157,5,25.389,20.434,1,3.681,1.889
158,5,25.511,20.496,1,3.663,1.849
159,5,25.633,20.556,1,3.643,1.804
160,5,25.753,20.614,1,3.621,1.753
161,5,25.873,20.671,1,3.597,1.697
162,5,25.992,20.726,1,3.570,1.635
163,5,26.110,20.778,1,3.542,1.569
164,5,26.249,20.837,1,4.154,1.784
165,5,26.389,20.896,1,4.225,1.772
166,5,26.532,20.955,1,4.284,1.758
167,5,26.677,21.013,1,4.331,1.741
168,5,26.822,21.070,1,4.365,1.722
169,5,26.968,21.127,1,4.387,1.700
170,5,27.115,21.183,1,4.397,1.675
171,5,27.261,21.238,1,4.394,1.648
172,5,27.407,21.292,1,4.379,1.618
173,5,27.552,21.345,1,4.352,1.586
174,5,27.696,21.396,1,4.312,1.551
175,5,27.838,21.447,1,4.261,1.513
176,5,27.978,21.496,1,4.197,1.473
177,5,28.115,21.544,1,4.120,1.430
178,5,28.250,21.590,1,4.031,1.385
179,5,28.381,21.634,1,3.930,1.337
180,5,28.508,21.677,1,3.817,1.286
181,5,28.631,21.718,1,3.692,1.233
182,5,28.750,21.758,1,3.554,1.177
183,5,28.863,21.795,1,3.403,1.118
184,5,28.971,21.830,1,3.241,1.057
185,5,29.073,21.863,1,3.066,0.993
186,5,29.169,21.894,1,2.879,0.927
187,5,29.259,21.923,1,2.680,0.858
188,5,29.517,22.002,1,7.748,2.369
189,5,29.649,22.033,1,3.955,0.938
190,5,29.720,22.037,1,2.143,0.127
191,5,29.797,22.035,1,2.310,-0.064
192,5,29.946,22.047,1,4.456,0.366
193,5,30.232,22.094,1,8.583,1.415
194,5,30.323,22.111,1,2.728,0.503
195,5,30.421,22.129,1,2.957,0.519
196,5,30.527,22.146,1,3.171,0.536
197,5,30.639,22.165,1,3.370,0.554
198,5,30.758,22.184,1,3.554,0.573
199,5,30.882,22.204,1,3.724,0.593
200,5,31.011,22.224,1,3.878,0.613
201,5,31.145,22.245,1,4.017,0.634
202,5,31.283,22.267,1,4.141,0.657
203,5,31.425,22.290,1,4.251,0.680
204,5,31.570,22.313,1,4.345,0.704
205,5,31.717,22.338,1,4.424,0.729
206,5,31.867,22.363,1,4.489,0.755
207,5,32.018,22.389,1,4.538,0.781
208,5,32.170,22.416,1,4.573,0.809
209,5,32.323,22.444,1,4.593,0.837
210,5,32.477,22.473,1,4.597,0.867
211,5,32.630,22.502,1,4.587,0.897
212,5,32.782,22.533,1,4.562,0.928
213,5,32.932,22.565,1,4.522,0.960
214,5,33.081,22.598,1,4.467,0.993
215,5,33.228,22.633,1,4.397,1.026
216,5,33.372,22.668,1,4.312,1.061
217,5,33.512,22.705,1,4.212,1.096
218,5,33.649,22.742,1,4.097,1.133
219,5,33.781,22.781,1,3.967,1.170
220,5,33.916,22.825,1,4.049,1.310
221,5,34.050,22.873,1,4.039,1.447
222,5,34.185,22.926,1,4.029,1.569
223,5,34.319,22.982,1,4.018,1.678
224,5,34.452,23.041,1,4.006,1.772
225,5,34.585,23.102,1,3.992,1.853
226,5,34.718,23.166,1,3.978,1.919
227,5,34.850,23.232,1,3.963,1.971
228,5,34.981,23.299,1,3.947,2.008
229,5,35.112,23.367,1,3.930,2.032
230,5,35.243,23.435,1,3.912,2.041
231,5,35.373,23.503,1,3.893,2.036
232,5,35.502,23.570,1,3.872,2.017
233,5,35.630,23.636,1,3.851,1.984
234,5,35.758,23.700,1,3.829,1.937
235,5,35.885,23.763,1,3.806,1.875
236,5,36.011,23.823,1,3.782,1.799
237,5,36.136,23.880,1,3.757,1.709
238,5,36.260,23.933,1,3.731,1.605
239,5,36.384,23.983,1,3.704,1.487
240,5,36.506,24.028,1,3.676,1.355
241,5,36.628,24.068,1,3.647,1.208
242,5,36.748,24.103,1,3.617,1.047
243,5,36.868,24.132,1,3.586,0.872
244,5,36.986,24.155,1,3.554,0.683
245,5,37.133,24.175,1,4.413,0.586
246,5,37.280,24.185,1,4.393,0.314
247,5,37.426,24.187,1,4.369,0.067
248,5,37.570,24.182,1,4.342,-0.156
249,5,37.714,24.170,1,4.312,-0.354
250,5,37.857,24.153,1,4.279,-0.528
251,5,37.998,24.130,1,4.242,-0.678
252,5,38.138,24.103,1,4.203,-0.803
253,5,38.277,24.073,1,4.160,-0.903
254,5,38.414,24.041,1,4.113,-0.979
255,5,38.549,24.006,1,4.064,-1.031
256,5,38.683,23.971,1,4.012,-1.058
257,5,38.815,23.936,1,3.956,-1.060
258,5,38.945,23.901,1,3.897,-1.038
259,5,39.073,23.868,1,3.834,-0.992
260,5,39.198,23.837,1,3.769,-0.921
261,5,39.322,23.810,1,3.700,-0.826
262,5,39.443,23.786,1,3.628,-0.706
263,5,39.561,23.768,1,3.553,-0.562
264,5,39.677,23.755,1,3.475,-0.393
265,5,39.851,23.740,1,5.222,-0.441
266,5,40.021,23.727,1,5.096,-0.393
267,5,40.186,23.715,1,4.964,-0.338
268,5,40.347,23.706,1,4.828,-0.277
269,5,40.503,23.699,1,4.688,-0.208
270,5,40.655,23.695,1,4.542,-0.132
271,5,40.801,23.693,1,4.392,-0.049
272,5,40.942,23.695,1,4.237,0.041
273,5,41.078,23.699,1,4.078,0.138
274,5,41.209,23.707,1,3.914,0.242
275,5,41.334,23.719,1,3.745,0.353
276,5,41.453,23.735,1,3.571,0.471
277,5,41.566,23.755,1,3.393,0.596
278,5,41.715,23.797,1,4.459,1.266
279,5,41.816,23.851,1,3.040,1.618
280,5,41.890,23.915,1,2.215,1.920
281,5,41.956,23.987,1,1.984,2.172
282,5,42.034,24.066,1,2.346,2.373
283,5,42.144,24.150,1,3.302,2.524
284,5,42.306,24.238,1,4.852,2.625
285,5,42.539,24.327,1,6.995,2.675
286,5,42.627,24.355,1,2.654,0.841
287,5,42.723,24.384,1,2.866,0.869
288,5,42.825,24.414,1,3.065,0.895
289,5,42.934,24.444,1,3.251,0.920
290,5,43.048,24.476,1,3.423,0.942
291,5,43.167,24.508,1,3.582,0.962
292,5,43.291,24.541,1,3.727,0.980
293,5,43.420,24.574,1,3.859,0.996
294,5,43.553,24.607,1,3.977,1.011
295,5,43.689,24.642,1,4.082,1.023
296,5,43.828,24.676,1,4.173,1.033
297,5,43.969,24.711,1,4.251,1.040
298,5,44.113,24.746,1,4.315,1.046
299,5,44.259,24.781,1,4.366,1.050
300,5,44.406,24.816,1,4.403,1.052
301,5,44.553,24.851,1,4.427,1.052
302,5,44.701,24.886,1,4.437,1.049
303,5,44.849,24.920,1,4.434,1.045
304,5,44.996,24.955,1,4.418,1.038
305,5,45.142,24.989,1,4.388,1.030
306,5,45.287,25.023,1,4.344,1.019
307,5,45.430,25.057,1,4.287,1.007
308,5,45.571,25.090,1,4.216,0.992
309,5,45.708,25.123,1,4.132,0.975
310,5,45.843,25.154,1,4.035,0.957
311,5,45.974,25.186,1,3.924,0.936
312,5,46.113,25.219,1,4.177,1.012
313,5,46.252,25.254,1,4.160,1.029
314,5,46.390,25.288,1,4.145,1.043
315,5,46.527,25.324,1,4.130,1.054
316,5,46.665,25.359,1,4.117,1.062
317,5,46.801,25.394,1,4.104,1.066
318,5,46.938,25.430,1,4.093,1.066
319,5,47.074,25.465,1,4.083,1.064
320,5,47.210,25.501,1,4.074,1.058
321,5,47.345,25.536,1,4.066,1.049
322,5,47.481,25.570,1,4.060,1.036
323,5,47.616,25.604,1,4.054,1.020
324,5,47.751,25.638,1,4.050,1.000
325,5,47.886,25.670,1,4.046,0.978
326,5,48.020,25.702,1,4.044,0.952
327,5,48.155,25.733,1,4.043,0.922
328,5,48.290,25.762,1,4.043,0.889
329,5,48.425,25.791,1,4.044,0.853
330,5,48.560,25.818,1,4.046,0.814
331,5,48.695,25.844,1,4.050,0.771
332,5,48.830,25.868,1,4.054,0.725
333,5,48.965,25.890,1,4.060,0.675
334,5,49.101,25.911,1,4.066,0.622
335,5,49.236,25.930,1,4.074,0.566
336,5,49.372,25.947,1,4.056,0.515
337,5,49.505,25.963,1,4.014,0.471
338,5,49.638,25.977,1,3.978,0.430
339,5,49.770,25.990,1,3.948,0.389
340,5,49.901,26.002,1,3.925,0.351
341,5,50.031,26.012,1,3.907,0.313
342,5,50.161,26.021,1,3.895,0.278
343,5,50.290,26.029,1,3.889,0.243
344,5,50.420,26.036,1,3.889,0.210
345,5,50.550,26.042,1,3.895,0.179
346,5,50.680,26.047,1,3.907,0.149
347,5,50.811,26.051,1,3.925,0.121
348,5,50.942,26.055,1,3.948,0.094
349,5,51.075,26.057,1,3.978,0.069
350,5,51.209,26.058,1,4.014,0.045
351,5,51.344,26.059,1,4.056,0.023
352,5,51.481,26.059,1,4.103,0.002
353,5,51.619,26.059,1,4.157,-0.018
354,5,51.760,26.057,1,4.217,-0.036
355,5,51.903,26.056,1,4.282,-0.052
356,5,52.048,26.053,1,4.354,-0.067
357,5,52.195,26.051,1,4.431,-0.080
358,5,52.346,26.048,1,4.515,-0.092
359,5,52.499,26.044,1,4.604,-0.103
360,5,52.622,26.041,1,3.668,-0.091
361,5,52.748,26.038,1,3.795,-0.107
362,5,52.878,26.034,1,3.911,-0.122
363,5,53.012,26.029,1,4.017,-0.137
364,5,53.149,26.024,1,4.113,-0.152
365,5,53.289,26.018,1,4.198,-0.166
366,5,53.432,26.012,1,4.272,-0.180
367,5,53.576,26.006,1,4.336,-0.194
368,5,53.723,25.999,1,4.389,-0.207
369,5,53.870,25.992,1,4.432,-0.220
370,5,54.019,25.984,1,4.464,-0.233
371,5,54.169,25.976,1,4.485,-0.245
372,5,54.319,25.967,1,4.496,-0.257
373,5,54.468,25.958,1,4.497,-0.269
374,5,54.618,25.949,1,4.487,-0.280
375,5,54.767,25.939,1,4.466,-0.291
376,5,54.915,25.929,1,4.435,-0.301
377,5,55.061,25.919,1,4.393,-0.312
378,5,55.206,25.908,1,4.341,-0.321
379,5,55.348,25.897,1,4.278,-0.331
380,5,55.489,25.886,1,4.205,-0.340
381,5,55.626,25.874,1,4.121,-0.349
382,5,55.760,25.862,1,4.026,-0.357
383,5,55.891,25.850,1,3.921,-0.366
384,5,56.018,25.838,1,3.805,-0.373
385,5,56.140,25.825,1,3.679,-0.381
386,5,56.258,25.812,1,3.543,-0.388
387,5,56.372,25.799,1,3.395,-0.395
388,5,56.479,25.785,1,3.238,-0.401
389,5,56.582,25.772,1,3.069,-0.407
390,5,56.678,25.758,1,2.890,-0.413
391,5,56.905,25.723,1,6.800,-1.065
392,5,57.105,25.687,1,6.004,-1.062
393,5,57.281,25.651,1,5.295,-1.080
394,5,57.437,25.614,1,4.671,-1.119
395,5,57.575,25.575,1,4.135,-1.178
396,5,57.698,25.533,1,3.685,-1.259
397,5,57.808,25.487,1,3.321,-1.360
398,5,57.910,25.438,1,3.044,-1.482
399,5,58.005,25.384,1,2.853,-1.625
400,5,58.097,25.324,1,2.748,-1.789
401,5,58.188,25.258,1,2.730,-1.974
402,5,58.281,25.186,1,2.799,-2.180
403,5,58.390,25.089,1,3.274,-2.897
404,5,58.489,24.983,1,2.963,-3.175
405,5,58.578,24.869,1,2.668,-3.423
406,5,58.657,24.748,1,2.388,-3.639
407,5,58.728,24.620,1,2.123,-3.824
408,5,58.791,24.488,1,1.874,-3.979
409,5,58.845,24.351,1,1.641,-4.103
410,5,58.893,24.211,1,1.423,-4.195
411,5,58.933,24.069,1,1.220,-4.257
412,5,58.968,23.926,1,1.033,-4.288
413,5,59.000,23.792,1,0.953,-4.029
414,5,59.035,23.650,1,1.068,-4.249
415,5,59.071,23.503,1,1.071,-4.418
416,5,59.103,23.352,1,0.961,-4.536
417,5,59.128,23.198,1,0.739,-4.605
418,5,59.141,23.044,1,0.405,-4.623
419,5,59.140,22.891,1,-0.041,-4.591
420,5,59.120,22.741,1,-0.600,-4.508
421,5,59.077,22.595,1,-1.271,-4.375
422,5,59.009,22.455,1,-2.054,-4.192
423,5,58.911,22.323,1,-2.949,-3.958
424,5,58.840,22.253,1,-2.104,-2.103
425,5,58.757,22.183,1,-2.507,-2.098
426,5,58.661,22.114,1,-2.870,-2.089
427,5,58.555,22.045,1,-3.195,-2.076
428,5,58.439,21.976,1,-3.480,-2.058
429,5,58.315,21.908,1,-3.725,-2.035
430,5,58.184,21.841,1,-3.932,-2.008
431,5,58.047,21.775,1,-4.099,-1.977
432,5,57.906,21.711,1,-4.227,-1.941
433,5,57.762,21.647,1,-4.316,-1.900
434,5,57.617,21.585,1,-4.365,-1.855
435,5,57.471,21.525,1,-4.375,-1.805
436,5,57.326,21.467,1,-4.346,-1.751
437,5,57.183,21.410,1,-4.277,-1.693
438,5,57.044,21.356,1,-4.170,-1.630
439,5,56.910,21.304,1,-4.023,-1.562
440,5,56.782,21.254,1,-3.836,-1.490
441,5,56.662,21.207,1,-3.611,-1.413
442,5,56.551,21.163,1,-3.346,-1.332
443,5,56.449,21.121,1,-3.042,-1.246
444,5,56.262,21.050,1,-5.613,-2.129
445,5,56.085,20.995,1,-5.323,-1.649
446,5,55.917,20.953,1,-5.017,-1.271
447,5,55.761,20.920,1,-4.696,-0.996
448,5,55.616,20.892,1,-4.359,-0.824
449,5,55.482,20.867,1,-4.007,-0.756
450,5,55.361,20.841,1,-3.640,-0.790
451,5,55.252,20.810,1,-3.257,-0.927
452,5,55.157,20.771,1,-2.858,-1.168
453,5,55.075,20.721,1,-2.445,-1.511
454,5,54.973,20.602,1,-3.077,-3.558
455,5,54.942,20.472,1,-0.934,-3.888
456,5,54.950,20.328,1,0.261,-4.341
457,5,54.967,20.164,1,0.508,-4.918
458,5,54.961,19.976,1,-0.192,-5.619
459,5,54.937,19.854,1,-0.704,-3.670
460,5,54.902,19.714,1,-1.051,-4.214
461,5,54.861,19.561,1,-1.234,-4.582
462,5,54.819,19.402,1,-1.256,-4.773
463,5,54.782,19.242,1,-1.114,-4.787
464,5,54.755,19.088,1,-0.810,-4.624
465,5,54.744,18.945,1,-0.344,-4.285
466,5,54.753,18.820,1,0.285,-3.769
467,5,54.789,18.717,1,1.077,-3.077
468,5,54.864,18.629,1,2.247,-2.638
469,5,54.970,18.563,1,3.173,-1.991
470,5,55.100,18.514,1,3.897,-1.474
471,5,55.247,18.477,1,4.421,-1.088
472,5,55.405,18.450,1,4.743,-0.833
473,5,55.567,18.426,1,4.863,-0.709
474,5,55.727,18.402,1,4.783,-0.716
475,5,55.877,18.374,1,4.501,-0.854
476,5,56.032,18.335,1,4.661,-1.149
477,5,56.205,18.289,1,5.201,-1.387
478,5,56.387,18.241,1,5.449,-1.434
479,5,56.567,18.198,1,5.405,-1.290
480,5,56.736,18.167,1,5.070,-0.954
481,5,56.884,18.152,1,4.443,-0.428
482,5,57.002,18.162,1,3.523,0.290
483,5,57.079,18.202,1,2.313,1.199
484,5,57.118,18.289,1,1.189,2.599
485,5,57.131,18.423,1,0.381,4.028
486,5,57.119,18.588,1,-0.377,4.954
487,5,57.082,18.767,1,-1.085,5.377
488,5,57.024,18.944,1,-1.742,5.296
489,5,56.946,19.101,1,-2.350,4.713
490,5,56.849,19.222,1,-2.906,3.626
491,5,56.735,19.290,1,-3.413,2.036
492,5,56.643,19.299,1,-2.777,0.281
493,5,56.530,19.283,1,-3.388,-0.491
494,5,56.400,19.245,1,-3.883,-1.118
495,5,56.258,19.192,1,-4.262,-1.598
496,5,56.108,19.128,1,-4.524,-1.931
497,5,55.952,19.057,1,-4.670,-2.119
498,5,55.795,18.985,1,-4.700,-2.161
499,5,55.641,18.916,1,-4.614,-2.057
500,5,55.494,18.856,1,-4.411,-1.806
501,5,55.358,18.809,1,-4.092,-1.410
502,5,55.236,18.780,1,-3.657,-0.867
503,5,55.133,18.774,1,-3.105,-0.178
504,5,54.965,18.807,1,-5.017,0.990
505,5,54.831,18.876,1,-4.015,2.063
506,5,54.725,18.978,1,-3.204,3.065
507,5,54.639,19.111,1,-2.584,3.995
508,5,54.567,19.273,1,-2.155,4.854
509,5,54.503,19.461,1,-1.916,5.641
510,5,54.470,19.570,1,-0.986,3.255
511,5,54.435,19.693,1,-1.057,3.702
512,5,54.399,19.829,1,-1.069,4.072
513,5,54.365,19.974,1,-1.022,4.364
514,5,54.335,20.127,1,-0.914,4.578
515,5,54.310,20.284,1,-0.747,4.716
516,5,54.292,20.443,1,-0.521,4.775
517,5,54.285,20.602,1,-0.235,4.757
518,5,54.288,20.757,1,0.111,4.662
519,5,54.305,20.907,1,0.517,4.489
520,5,54.338,21.048,1,0.982,4.239
521,5,54.388,21.179,1,1.507,3.911
522,5,54.449,21.284,1,1.823,3.158
523,5,54.528,21.387,1,2.353,3.095
524,5,54.621,21.488,1,2.807,3.030
525,5,54.727,21.587,1,3.186,2.963
526,5,54.844,21.683,1,3.490,2.894
527,5,54.968,21.777,1,3.719,2.823
528,5,55.097,21.869,1,3.873,2.751
529,5,55.229,21.958,1,3.952,2.676
530,5,55.360,22.045,1,3.956,2.600
531,5,55.490,22.129,1,3.885,2.522
532,5,55.614,22.210,1,3.738,2.442
533,5,55.732,22.289,1,3.517,2.360
534,5,55.839,22.365,1,3.220,2.276
535,5,55.934,22.438,1,2.848,2.190
536,5,56.079,22.550,1,4.362,3.366
537,5,56.210,22.641,1,3.916,2.739
538,5,56.329,22.719,1,3.560,2.343
539,5,56.438,22.792,1,3.295,2.178
540,5,56.542,22.867,1,3.121,2.246
541,5,56.644,22.952,1,3.037,2.544
542,5,56.745,23.054,1,3.044,3.074
543,5,56.850,23.182,1,3.141,3.835
544,5,56.926,23.285,1,2.271,3.082
545,5,57.008,23.401,1,2.471,3.473
546,5,57.094,23.527,1,2.596,3.789
547,5,57.183,23.661,1,2.647,4.030
548,5,57.270,23.801,1,2.623,4.197
549,5,57.354,23.944,1,2.525,4.290
550,5,57.433,24.088,1,2.352,4.308
551,5,57.503,24.229,1,2.104,4.251
552,5,57.562,24.367,1,1.782,4.120
553,5,57.608,24.497,1,1.386,3.914
554,5,57.639,24.618,1,0.915,3.634
555,5,57.651,24.728,1,0.369,3.279
556,5,57.622,24.885,1,-0.877,4.714
557,5,57.539,25.044,1,-2.490,4.771
558,5,57.420,25.198,1,-3.570,4.617
559,5,57.283,25.339,1,-4.117,4.251
560,5,57.145,25.462,1,-4.131,3.674
561,5,57.025,25.558,1,-3.611,2.886
562,5,56.939,25.621,1,-2.558,1.887
563,5,56.907,25.644,1,-0.971,0.676
564,5,56.907,25.644,1,0.000,-0.000
565,5,56.907,25.644,1,0.000,-0.000
566,5,56.907,25.644,1,0.000,-0.000
567,5,56.907,25.644,1,0.000,-0.000
568,5,56.907,25.644,1,0.000,-0.000
569,5,56.907,25.644,1,0.000,-0.000
570,5,56.907,25.644,1,0.000,-0.000
571,5,56.907,25.644,1,0.000,-0.000
572,5,56.907,25.644,1,0.000,-0.000
573,5,56.907,25.644,1,0.000,-0.000
574,5,56.907,25.644,1,0.000,-0.000
575,5,56.907,25.644,1,0.000,-0.000
576,5,56.907,25.644,1,0.000,-0.000
577,5,56.907,25.644,1,0.000,-0.000
578,5,56.907,25.644,1,0.000,-0.000
579,5,56.907,25.644,1,0.000,-0.000
580,5,56.907,25.644,1,0.000,-0.000
581,5,56.907,25.644,1,0.000,-0.000
582,5,56.907,25.644,1,0.000,-0.000
583,5,56.907,25.644,1,0.000,-0.000
584,5,56.907,25.644,1,0.000,-0.000
585,5,56.907,25.644,1,0.000,-0.000
586,5,56.907,25.644,1,0.000,-0.000
587,5,56.907,25.644,1,0.000,-0.000
588,5,56.907,25.644,1,0.000,-0.000
589,5,56.907,25.644,1,0.000,-0.000
590,5,56.907,25.644,1,0.000,-0.000
591,5,56.907,25.644,1,0.000,-0.000
592,5,56.907,25.644,1,0.000,-0.000
593,5,56.907,25.644,1,0.000,-0.000
594,5,56.907,25.644,1,0.000,-0.000
595,5,56.907,25.644,1,0.000,-0.000
596,5,56.907,25.644,1,0.000,-0.000
597,5,56.907,25.644,1,0.000,-0.000
598,5,56.907,25.644,1,0.000,-0.000
599,5,56.907,25.644,1,0.000,-0.000
0,6,12.601,9.501,1,0.401,-0.148
1,6,12.614,9.496,1,0.401,-0.148
2,6,12.652,9.482,1,1.134,-0.416
3,6,12.711,9.461,1,1.766,-0.643
4,6,12.787,9.433,1,2.297,-0.828
5,6,12.878,9.401,1,2.726,-0.971
6,6,12.980,9.365,1,3.054,-1.072
7,6,13.089,9.327,1,3.281,-1.132
8,6,13.203,9.289,1,3.406,-1.150
9,6,13.317,9.251,1,3.430,-1.126
10,6,13.429,9.216,1,3.352,-1.060
11,6,13.535,9.184,1,3.173,-0.953
12,6,13.631,9.157,1,2.893,-0.804
13,6,13.711,9.137,1,2.412,-0.613
14,6,13.787,9.119,1,2.253,-0.530
15,6,13.858,9.104,1,2.147,-0.466
16,6,13.928,9.090,1,2.096,-0.421
17,6,13.998,9.077,1,2.098,-0.394
18,6,14.070,9.064,1,2.154,-0.386
19,6,14.145,9.051,1,2.264,-0.397
20,6,14.226,9.036,1,2.429,-0.427
21,6,14.314,9.021,1,2.647,-0.475
22,6,14.412,9.002,1,2.919,-0.542
23,6,14.520,8.981,1,3.245,-0.628
24,6,14.641,8.957,1,3.625,-0.733
25,6,14.776,8.928,1,4.058,-0.857
26,6,14.840,8.915,1,1.917,-0.410
27,6,14.907,8.901,1,2.027,-0.428
28,6,14.978,8.886,1,2.130,-0.446
29,6,15.053,8.870,1,2.225,-0.463
30,6,15.130,8.854,1,2.314,-0.479
31,6,15.210,8.838,1,2.396,-0.494
32,6,15.292,8.821,1,2.472,-0.509
33,6,15.377,8.803,1,2.540,-0.522
34,6,15.463,8.786,1,2.601,-0.535
35,6,15.552,8.767,1,2.656,-0.548
36,6,15.642,8.749,1,2.704,-0.559
37,6,15.734,8.730,1,2.744,-0.570
38,6,15.826,8.710,1,2.778,-0.580
39,6,15.920,8.691,1,2.805,-0.589
40,6,16.014,8.671,1,2.826,-0.597
41,6,16.108,8.651,1,2.839,-0.605
42,6,16.203,8.630,1,2.846,-0.612
43,6,16.298,8.610,1,2.845,-0.618
44,6,16.393,8.589,1,2.838,-0.623
45,6,16.487,8.568,1,2.824,-0.628
46,6,16.580,8.547,1,2.803,-0.631
47,6,16.673,8.526,1,2.775,-0.635
48,6,16.764,8.505,1,2.740,-0.637
49,6,16.854,8.483,1,2.699,-0.638
50,6,16.942,8.462,1,2.650,-0.639
51,6,17.029,8.441,1,2.595,-0.639
52,6,17.113,8.419,1,2.533,-0.638
53,6,17.195,8.398,1,2.464,-0.637
54,6,17.275,8.377,1,2.388,-0.635
55,6,17.352,8.356,1,2.305,-0.631
56,6,17.448,8.328,1,2.897,-0.856
57,6,17.542,8.297,1,2.799,-0.919
58,6,17.632,8.264,1,2.711,-0.973
59,6,17.720,8.231,1,2.632,-1.019
60,6,17.805,8.195,1,2.562,-1.057
61,6,17.889,8.159,1,2.501,-1.086
62,6,17.970,8.122,1,2.450,-1.106
63,6,18.051,8.085,1,2.408,-1.118
64,6,18.130,8.048,1,2.376,-1.122
65,6,18.208,8.010,1,2.352,-1.117
66,6,18.286,7.973,1,2.338,-1.104
67,6,18.364,7.937,1,2.334,-1.082
68,6,18.442,7.902,1,2.338,-1.052
69,6,18.520,7.869,1,2.352,-1.013
70,6,18.599,7.836,1,2.376,-0.966
71,6,18.680,7.806,1,2.408,-0.911
72,6,18.761,7.778,1,2.450,-0.847
73,6,18.845,7.752,1,2.501,-0.774
74,6,18.930,7.729,1,2.562,-0.693
75,6,19.018,7.709,1,2.632,-0.604
76,6,19.108,7.692,1,2.711,-0.506
77,6,19.202,7.679,1,2.799,-0.399
78,6,19.298,7.669,1,2.897,-0.284
79,6,19.375,7.665,1,2.292,-0.138
80,6,19.453,7.662,1,2.351,-0.073
81,6,19.533,7.662,1,2.405,-0.011
82,6,19.615,7.663,1,2.456,0.048
83,6,19.698,7.667,1,2.502,0.102
84,6,19.783,7.672,1,2.544,0.154
85,6,19.869,7.679,1,2.582,0.202
86,6,19.956,7.687,1,2.615,0.247
87,6,20.045,7.696,1,2.645,0.288
88,6,20.134,7.707,1,2.670,0.326
89,6,20.223,7.719,1,2.691,0.360
90,6,20.313,7.732,1,2.707,0.391
91,6,20.404,7.746,1,2.720,0.418
92,6,20.495,7.761,1,2.728,0.442
93,6,20.586,7.776,1,2.733,0.463
94,6,20.677,7.792,1,2.733,0.480
95,6,20.768,7.809,1,2.728,0.494
96,6,20.859,7.826,1,2.720,0.504
97,6,20.949,7.843,1,2.707,0.511
98,6,21.039,7.860,1,2.691,0.515
99,6,21.128,7.877,1,2.670,0.515
100,6,21.216,7.894,1,2.645,0.511
101,6,21.303,7.911,1,2.615,0.504
102,6,21.389,7.927,1,2.582,0.494
103,6,21.474,7.943,1,2.544,0.480
104,6,21.557,7.959,1,2.502,0.463
105,6,21.639,7.974,1,2.456,0.442
106,6,21.719,7.988,1,2.405,0.418
107,6,21.798,8.001,1,2.351,0.391
108,6,21.874,8.013,1,2.292,0.360
109,6,21.976,8.028,1,3.067,0.451
110,6,22.078,8.042,1,3.034,0.421
111,6,22.178,8.055,1,3.000,0.395
112,6,22.276,8.067,1,2.966,0.374
113,6,22.374,8.079,1,2.930,0.358
114,6,22.470,8.091,1,2.893,0.347
115,6,22.566,8.102,1,2.855,0.340
116,6,22.660,8.113,1,2.817,0.339
117,6,22.752,8.125,1,2.777,0.342
118,6,22.843,8.136,1,2.736,0.350
119,6,22.933,8.149,1,2.695,0.363
120,6,23.022,8.161,1,2.652,0.380
121,6,23.108,8.175,1,2.609,0.403
122,6,23.194,8.189,1,2.564,0.430
123,6,23.278,8.204,1,2.519,0.463
124,6,23.360,8.221,1,2.472,0.500
125,6,23.441,8.239,1,2.425,0.542
126,6,23.520,8.259,1,2.376,0.589
127,6,23.598,8.280,1,2.327,0.640
128,6,23.674,8.303,1,2.277,0.697
129,6,23.748,8.329,1,2.225,0.758
130,6,23.820,8.356,1,2.173,0.824
131,6,23.910,8.396,1,2.689,1.191
132,6,23.994,8.440,1,2.524,1.339
133,6,24.073,8.489,1,2.377,1.467
134,6,24.148,8.542,1,2.250,1.577
135,6,24.220,8.597,1,2.141,1.668
136,6,24.288,8.655,1,2.051,1.740
137,6,24.354,8.715,1,1.980,1.793
138,6,24.418,8.776,1,1.928,1.827
139,6,24.482,8.838,1,1.895,1.843
140,6,24.544,8.899,1,1.881,1.839
141,6,24.607,8.959,1,1.885,1.817
142,6,24.671,9.019,1,1.909,1.776
143,6,24.736,9.076,1,1.951,1.716
144,6,24.803,9.130,1,2.012,1.637
145,6,24.873,9.182,1,2.092,1.539
146,6,24.946,9.229,1,2.191,1.422
147,6,25.023,9.272,1,2.309,1.286
148,6,25.100,9.310,1,2.316,1.146
149,6,25.174,9.344,1,2.219,1.026
150,6,25.245,9.375,1,2.148,0.920
151,6,25.315,9.403,1,2.105,0.831
152,6,25.385,9.428,1,2.090,0.757
153,6,25.455,9.451,1,2.101,0.699
154,6,25.526,9.473,1,2.140,0.657
155,6,25.600,9.494,1,2.206,0.630
156,6,25.677,9.515,1,2.299,0.619
157,6,25.757,9.536,1,2.420,0.624
158,6,25.843,9.557,1,2.568,0.645
159,6,25.934,9.580,1,2.743,0.681
160,6,26.033,9.604,1,2.945,0.733
161,6,26.138,9.631,1,3.175,0.801
162,6,26.253,9.660,1,3.432,0.885
163,6,26.377,9.693,1,3.716,0.984
164,6,26.511,9.730,1,4.027,1.099
165,6,26.574,9.747,1,1.881,0.510
166,6,26.640,9.764,1,1.985,0.517
167,6,26.709,9.782,1,2.083,0.524
168,6,26.782,9.799,1,2.175,0.531
169,6,26.857,9.817,1,2.262,0.538
170,6,26.935,9.835,1,2.343,0.545
171,6,27.016,9.854,1,2.418,0.552
172,6,27.099,9.872,1,2.487,0.560
173,6,27.184,9.891,1,2.551,0.567
174,6,27.271,9.910,1,2.609,0.575
175,6,27.359,9.930,1,2.661,0.582
176,6,27.450,9.950,1,2.708,0.590
177,6,27.541,9.969,1,2.748,0.598
178,6,27.634,9.990,1,2.783,0.606
179,6,27.728,10.010,1,2.813,0.614
180,6,27.822,10.031,1,2.836,0.622
181,6,27.917,10.052,1,2.854,0.630
182,6,28.013,10.073,1,2.866,0.638
183,6,28.109,10.095,1,2.872,0.647
184,6,28.204,10.116,1,2.873,0.655
185,6,28.300,10.139,1,2.868,0.664
186,6,28.395,10.161,1,2.857,0.672
187,6,28.490,10.184,1,2.840,0.681
188,6,28.584,10.207,1,2.818,0.690
189,6,28.677,10.230,1,2.790,0.698
190,6,28.769,10.254,1,2.756,0.707
191,6,28.859,10.277,1,2.717,0.716
192,6,28.948,10.302,1,2.671,0.726
193,6,29.036,10.326,1,2.620,0.735
194,6,29.121,10.351,1,2.564,0.744
195,6,29.205,10.376,1,2.501,0.753
196,6,29.286,10.401,1,2.433,0.763
197,6,29.364,10.427,1,2.359,0.772
198,6,29.440,10.453,1,2.280,0.782
199,6,29.513,10.480,1,2.194,0.792
200,6,29.584,10.506,1,2.103,0.802
201,6,29.650,10.533,1,2.006,0.812
202,6,29.714,10.561,1,1.904,0.821
203,6,29.774,10.589,1,1.795,0.832
204,6,29.877,10.643,1,3.112,1.621
205,6,29.974,10.701,1,2.886,1.746
206,6,30.063,10.763,1,2.674,1.855
207,6,30.145,10.828,1,2.478,1.948
208,6,30.222,10.895,1,2.296,2.026
209,6,30.293,10.965,1,2.130,2.089
210,6,30.359,11.036,1,1.979,2.135
211,6,30.420,11.108,1,1.842,2.166
212,6,30.478,11.181,1,1.721,2.182
213,6,30.531,11.254,1,1.615,2.182
214,6,30.582,11.326,1,1.524,2.166
215,6,30.631,11.397,1,1.447,2.135
216,6,30.677,11.467,1,1.386,2.089
217,6,30.721,11.534,1,1.340,2.026
218,6,30.765,11.599,1,1.309,1.948
219,6,30.808,11.661,1,1.293,1.855
220,6,30.851,11.719,1,1.292,1.746
221,6,30.895,11.773,1,1.306,1.621
222,6,30.939,11.822,1,1.335,1.481
223,6,30.985,11.867,1,1.379,1.325
224,6,31.033,11.905,1,1.437,1.154
225,6,31.143,11.969,1,3.293,1.920
226,6,31.244,12.002,1,3.039,0.973
227,6,31.338,12.011,1,2.827,0.287
228,6,31.427,12.007,1,2.657,-0.137
229,6,31.511,11.997,1,2.530,-0.299
230,6,31.593,11.990,1,2.445,-0.200
231,6,31.673,11.995,1,2.403,0.160
232,6,31.753,12.021,1,2.403,0.782
233,6,31.834,12.077,1,2.445,1.665
234,6,31.884,12.124,1,1.488,1.410
235,6,31.934,12.177,1,1.485,1.589
236,6,31.983,12.235,1,1.479,1.755
237,6,32.032,12.299,1,1.470,1.909
238,6,32.080,12.367,1,1.457,2.051
239,6,32.128,12.440,1,1.442,2.181
240,6,32.176,12.517,1,1.424,2.298
241,6,32.223,12.597,1,1.402,2.404
242,6,32.269,12.680,1,1.378,2.497
243,6,32.314,12.766,1,1.350,2.578
244,6,32.358,12.854,1,1.320,2.646
245,6,32.401,12.944,1,1.286,2.703
246,6,32.442,13.036,1,1.250,2.747
247,6,32.482,13.128,1,1.210,2.779
248,6,32.521,13.222,1,1.167,2.799
249,6,32.550,13.296,1,0.861,2.238
250,6,32.576,13.372,1,0.781,2.285
251,6,32.600,13.450,1,0.714,2.331
252,6,32.622,13.529,1,0.657,2.376
253,6,32.642,13.610,1,0.612,2.421
254,6,32.661,13.692,1,0.578,2.465
255,6,32.680,13.776,1,0.555,2.508
256,6,32.698,13.861,1,0.543,2.550
257,6,32.716,13.947,1,0.543,2.592
258,6,32.735,14.035,1,0.554,2.632
259,6,32.754,14.124,1,0.576,2.672
260,6,32.774,14.214,1,0.610,2.712
261,6,32.796,14.306,1,0.655,2.750
262,6,32.820,14.399,1,0.711,2.788
263,6,32.846,14.493,1,0.778,2.825
264,6,32.874,14.589,1,0.857,2.862
265,6,32.906,14.685,1,0.947,2.897
266,6,32.941,14.783,1,1.048,2.932
267,6,32.979,14.882,1,1.160,2.966
268,6,33.009,14.952,1,0.890,2.107
269,6,33.041,15.023,1,0.949,2.124
270,6,33.074,15.094,1,1.004,2.141
271,6,33.109,15.166,1,1.055,2.158
272,6,33.146,15.239,1,1.102,2.176
273,6,33.184,15.312,1,1.145,2.194
274,6,33.224,15.386,1,1.183,2.212
275,6,33.264,15.460,1,1.218,2.230
276,6,33.306,15.535,1,1.248,2.249
277,6,33.348,15.610,1,1.274,2.267
278,6,33.391,15.687,1,1.295,2.287
279,6,33.435,15.763,1,1.313,2.306
280,6,33.479,15.841,1,1.326,2.326
281,6,33.524,15.919,1,1.336,2.345
282,6,33.569,15.998,1,1.340,2.366
283,6,33.613,16.078,1,1.341,2.386
284,6,33.658,16.158,1,1.338,2.407
285,6,33.702,16.239,1,1.330,2.428
286,6,33.746,16.320,1,1.318,2.449
287,6,33.790,16.403,1,1.303,2.470
288,6,33.832,16.486,1,1.282,2.492
289,6,33.874,16.570,1,1.258,2.514
290,6,33.915,16.654,1,1.229,2.536
291,6,33.955,16.739,1,1.197,2.559
292,6,33.994,16.825,1,1.160,2.581
293,6,34.031,16.912,1,1.119,2.605
294,6,34.067,17.000,1,1.073,2.628
295,6,34.096,17.076,1,0.869,2.273
296,6,34.124,17.154,1,0.838,2.359
297,6,34.151,17.235,1,0.809,2.439
298,6,34.177,17.319,1,0.783,2.510
299,6,34.202,17.405,1,0.759,2.575
300,6,34.227,17.493,1,0.737,2.632
301,6,34.251,17.582,1,0.717,2.681
302,6,34.274,17.673,1,0.700,2.723
303,6,34.297,17.765,1,0.686,2.758
304,6,34.319,17.858,1,0.673,2.786
305,6,34.341,17.951,1,0.663,2.806
306,6,34.363,18.045,1,0.656,2.818
307,6,34.385,18.139,1,0.651,2.823
308,6,34.407,18.233,1,0.648,2.821
309,6,34.428,18.327,1,0.647,2.812
310,6,34.450,18.420,1,0.649,2.795
311,6,34.472,18.513,1,0.653,2.771
312,6,34.494,18.604,1,0.660,2.739
313,6,34.516,18.694,1,0.669,2.700
314,6,34.539,18.782,1,0.680,2.653
315,6,34.562,18.869,1,0.694,2.599
316,6,34.585,18.953,1,0.710,2.538
317,6,34.610,19.036,1,0.728,2.469
318,6,34.634,19.116,1,0.749,2.393
319,6,34.660,19.193,1,0.772,2.310
320,6,34.687,19.267,1,0.797,2.219
321,6,34.714,19.337,1,0.825,2.121
322,6,34.743,19.404,1,0.855,2.015
323,6,34.772,19.468,1,0.887,1.902
324,6,34.803,19.527,1,0.922,1.782
325,6,34.835,19.582,1,0.960,1.654
326,6,34.868,19.633,1,0.999,1.519
327,6,34.937,19.722,1,2.070,2.670
328,6,35.008,19.797,1,2.131,2.241
329,6,35.082,19.858,1,2.194,1.851
330,6,35.157,19.908,1,2.258,1.503
331,6,35.234,19.948,1,2.324,1.194
332,6,35.314,19.979,1,2.390,0.926
333,6,35.396,20.002,1,2.458,0.698
334,6,35.480,20.019,1,2.528,0.510
335,6,35.567,20.031,1,2.598,0.362
336,6,35.656,20.040,1,2.670,0.255
337,6,35.747,20.046,1,2.743,0.188
338,6,35.841,20.052,1,2.817,0.161
339,6,35.937,20.057,1,2.892,0.174
340,6,36.036,20.065,1,2.969,0.228
341,6,36.138,20.076,1,3.047,0.322
342,6,36.242,20.091,1,3.126,0.456
343,6,36.318,20.103,1,2.283,0.360
344,6,36.399,20.114,1,2.431,0.335
345,6,36.485,20.125,1,2.563,0.311
346,6,36.574,20.134,1,2.678,0.288
347,6,36.667,20.143,1,2.775,0.265
348,6,36.762,20.151,1,2.856,0.243
349,6,36.859,20.158,1,2.920,0.222
350,6,36.958,20.165,1,2.967,0.202
351,6,37.058,20.171,1,2.997,0.183
352,6,37.158,20.177,1,3.010,0.165
353,6,37.259,20.182,1,3.007,0.147
354,6,37.358,20.186,1,2.986,0.131
355,6,37.456,20.190,1,2.948,0.115
356,6,37.553,20.193,1,2.894,0.100
357,6,37.647,20.196,1,2.822,0.086
358,6,37.738,20.199,1,2.734,0.073
359,6,37.826,20.201,1,2.628,0.060
360,6,37.909,20.202,1,2.506,0.049
361,6,37.988,20.203,1,2.366,0.038
362,6,38.062,20.204,1,2.210,0.028
363,6,38.130,20.205,1,2.037,0.019
364,6,38.191,20.205,1,1.847,0.011
365,6,38.246,20.205,1,1.640,0.003
366,6,38.456,20.186,1,6.297,-0.572
367,6,38.481,20.142,1,0.763,-1.336
368,6,38.589,20.091,1,3.244,-1.526
369,6,38.656,20.083,1,1.998,-0.249
370,6,38.735,20.080,1,2.367,-0.073
371,6,38.824,20.082,1,2.665,0.040
372,6,38.920,20.085,1,2.892,0.091
373,6,39.022,20.087,1,3.047,0.079
374,6,39.126,20.087,1,3.130,0.004
375,6,39.231,20.083,1,3.142,-0.133
376,6,39.333,20.072,1,3.083,-0.332
377,6,39.432,20.052,1,2.952,-0.595
378,6,39.523,20.021,1,2.749,-0.920
379,6,39.606,19.978,1,2.475,-1.307
380,6,39.677,19.919,1,2.129,-1.758
381,6,39.720,19.867,1,1.303,-1.566
382,6,39.760,19.805,1,1.189,-1.849
383,6,39.796,19.735,1,1.085,-2.099
384,6,39.829,19.658,1,0.992,-2.316
385,6,39.859,19.575,1,0.909,-2.501
386,6,39.887,19.486,1,0.836,-2.653
387,6,39.913,19.394,1,0.775,-2.773
388,6,39.937,19.299,1,0.723,-2.861
389,6,39.960,19.201,1,0.682,-2.916
390,6,39.982,19.103,1,0.652,-2.938
391,6,40.003,19.006,1,0.632,-2.928
392,6,40.024,18.910,1,0.623,-2.885
393,6,40.044,18.816,1,0.624,-2.810
394,6,40.065,18.726,1,0.635,-2.702
395,6,40.087,18.641,1,0.657,-2.562
396,6,40.110,18.561,1,0.690,-2.389
397,6,40.135,18.488,1,0.733,-2.184
398,6,40.177,18.386,1,1.254,-3.066
399,6,40.223,18.292,1,1.384,-2.824
400,6,40.271,18.204,1,1.461,-2.626
401,6,40.321,18.122,1,1.482,-2.470
402,6,40.369,18.043,1,1.450,-2.356
403,6,40.415,17.967,1,1.364,-2.285
404,6,40.455,17.892,1,1.223,-2.257
405,6,40.490,17.816,1,1.028,-2.271
406,6,40.516,17.739,1,0.779,-2.328
407,6,40.532,17.658,1,0.476,-2.427
408,6,40.535,17.572,1,0.119,-2.569
409,6,40.525,17.490,1,-0.314,-2.478
410,6,40.500,17.404,1,-0.743,-2.555
411,6,40.464,17.317,1,-1.089,-2.615
412,6,40.419,17.229,1,-1.352,-2.656
413,6,40.368,17.139,1,-1.530,-2.680
414,6,40.314,17.050,1,-1.626,-2.686
415,6,40.259,16.961,1,-1.638,-2.674
416,6,40.207,16.873,1,-1.566,-2.645
417,6,40.160,16.786,1,-1.411,-2.597
418,6,40.121,16.702,1,-1.173,-2.531
419,6,40.092,16.620,1,-0.851,-2.448
420,6,40.078,16.542,1,-0.445,-2.346
421,6,40.076,16.439,1,-0.054,-3.077
422,6,40.088,16.336,1,0.363,-3.091
423,6,40.111,16.234,1,0.709,-3.055
424,6,40.144,16.135,1,0.985,-2.971
425,6,40.184,16.041,1,1.190,-2.836
426,6,40.228,15.952,1,1.324,-2.653
427,6,40.274,15.872,1,1.388,-2.419
428,6,40.320,15.801,1,1.380,-2.137
429,6,40.364,15.740,1,1.303,-1.804
430,6,40.434,15.675,1,2.116,-1.965
431,6,40.504,15.654,1,2.102,-0.632
432,6,40.585,15.648,1,2.418,-0.165
433,6,40.687,15.630,1,3.064,-0.563
434,6,40.822,15.569,1,4.039,-1.827
435,6,40.875,15.538,1,1.598,-0.936
436,6,40.932,15.505,1,1.701,-0.982
437,6,40.992,15.470,1,1.798,-1.035
438,6,41.055,15.434,1,1.891,-1.097
439,6,41.121,15.395,1,1.980,-1.165
440,6,41.189,15.353,1,2.064,-1.242
441,6,41.261,15.309,1,2.143,-1.326
442,6,41.335,15.262,1,2.218,-1.417
443,6,41.411,15.212,1,2.288,-1.516
444,6,41.490,15.157,1,2.354,-1.623
445,6,41.570,15.099,1,2.415,-1.738
446,6,41.652,15.037,1,2.471,-1.860
447,6,41.737,14.971,1,2.523,-1.990
448,6,41.822,14.900,1,2.571,-2.127
449,6,41.909,14.825,1,2.613,-2.272
450,6,41.963,14.776,1,1.616,-1.468
451,6,42.019,14.723,1,1.684,-1.582
452,6,42.078,14.667,1,1.746,-1.686
453,6,42.138,14.607,1,1.801,-1.780
454,6,42.199,14.545,1,1.850,-1.864
455,6,42.262,14.481,1,1.893,-1.938
456,6,42.327,14.414,1,1.930,-2.003
457,6,42.392,14.345,1,1.960,-2.057
458,6,42.458,14.275,1,1.984,-2.101
459,6,42.525,14.204,1,2.002,-2.136
460,6,42.592,14.132,1,2.013,-2.161
461,6,42.659,14.059,1,2.019,-2.176
462,6,42.726,13.987,1,2.018,-2.181
463,6,42.793,13.914,1,2.010,-2.176
464,6,42.860,13.842,1,1.997,-2.161
465,6,42.926,13.771,1,1.977,-2.136
466,6,42.991,13.701,1,1.951,-2.101
467,6,43.055,13.632,1,1.919,-2.057
468,6,43.118,13.566,1,1.880,-2.003
469,6,43.179,13.501,1,1.835,-1.938
470,6,43.238,13.439,1,1.784,-1.864
471,6,43.296,13.380,1,1.727,-1.780
472,6,43.351,13.323,1,1.663,-1.686
473,6,43.404,13.271,1,1.593,-1.582
474,6,43.455,13.222,1,1.517,-1.468
475,6,43.546,13.138,1,2.728,-2.519
476,6,43.630,13.065,1,2.522,-2.179
477,6,43.708,13.002,1,2.345,-1.896
478,6,43.781,12.946,1,2.196,-1.668
479,6,43.850,12.896,1,2.075,-1.497
480,6,43.916,12.850,1,1.982,-1.382
481,6,43.980,12.806,1,1.917,-1.323
482,6,44.043,12.762,1,1.880,-1.321
483,6,44.105,12.716,1,1.871,-1.375
484,6,44.168,12.667,1,1.891,-1.485
485,6,44.233,12.612,1,1.939,-1.652
486,6,44.300,12.549,1,2.014,-1.874
487,6,44.371,12.478,1,2.118,-2.153
488,6,44.425,12.420,1,1.622,-1.733
489,6,44.482,12.358,1,1.707,-1.852
490,6,44.541,12.293,1,1.776,-1.956
491,6,44.602,12.225,1,1.829,-2.046
492,6,44.664,12.154,1,1.866,-2.122
493,6,44.727,12.081,1,1.887,-2.184
494,6,44.790,12.007,1,1.892,-2.232
495,6,44.853,11.931,1,1.882,-2.265
496,6,44.915,11.855,1,1.855,-2.285
497,6,44.975,11.779,1,1.813,-2.290
498,6,45.034,11.703,1,1.754,-2.281
499,6,45.090,11.627,1,1.680,-2.258
500,6,45.143,11.553,1,1.590,-2.221
501,6,45.192,11.481,1,1.484,-2.170
502,6,45.237,11.411,1,1.362,-2.105
503,6,45.278,11.343,1,1.224,-2.025
504,6,45.314,11.279,1,1.071,-1.931
505,6,45.344,11.218,1,0.901,-1.824
506,6,45.393,11.099,1,1.461,-3.569
507,6,45.430,10.980,1,1.128,-3.590
508,6,45.456,10.862,1,0.782,-3.526
509,6,45.470,10.749,1,0.422,-3.378
510,6,45.472,10.645,1,0.047,-3.145
511,6,45.461,10.550,1,-0.342,-2.827
512,6,45.436,10.470,1,-0.744,-2.424
513,6,45.397,10.405,1,-1.161,-1.936
514,6,45.344,10.360,1,-1.592,-1.364
515,6,45.289,10.336,1,-1.653,-0.701
516,6,45.216,10.319,1,-2.175,-0.519
517,6,45.130,10.308,1,-2.598,-0.322
518,6,45.032,10.304,1,-2.923,-0.111
519,6,44.927,10.308,1,-3.150,0.116
520,6,44.818,10.320,1,-3.278,0.357
521,6,44.708,10.341,1,-3.308,0.614
522,6,44.600,10.370,1,-3.239,0.885
523,6,44.497,10.409,1,-3.072,1.171
524,6,44.404,10.458,1,-2.807,1.472
525,6,44.322,10.518,1,-2.443,1.788
526,6,44.256,10.589,1,-1.981,2.119
527,6,44.221,10.645,1,-1.073,1.693
528,6,44.189,10.712,1,-0.937,2.001
529,6,44.162,10.787,1,-0.813,2.273
530,6,44.139,10.871,1,-0.702,2.509
531,6,44.119,10.961,1,-0.603,2.709
532,6,44.102,11.057,1,-0.516,2.872
533,6,44.087,11.157,1,-0.442,2.999
534,6,44.074,11.260,1,-0.380,3.090
535,6,44.063,11.365,1,-0.331,3.145
536,6,44.053,11.470,1,-0.294,3.164
537,6,44.044,11.575,1,-0.269,3.146
538,6,44.036,11.678,1,-0.256,3.092
539,6,44.027,11.778,1,-0.256,3.002
540,6,44.018,11.874,1,-0.269,2.876
541,6,44.009,11.965,1,-0.294,2.713
542,6,43.997,12.048,1,-0.331,2.514
543,6,43.985,12.124,1,-0.380,2.279
544,6,43.970,12.191,1,-0.442,2.008
545,6,43.927,12.325,1,-1.302,4.005
546,6,43.880,12.417,1,-1.402,2.769
547,6,43.832,12.484,1,-1.427,2.013
548,6,43.787,12.542,1,-1.377,1.737
549,6,43.745,12.607,1,-1.252,1.943
550,6,43.710,12.695,1,-1.051,2.629
551,6,43.684,12.821,1,-0.776,3.795
552,6,43.676,12.891,1,-0.224,2.101
553,6,43.671,12.975,1,-0.170,2.518
554,6,43.667,13.070,1,-0.121,2.865
555,6,43.664,13.175,1,-0.077,3.141
556,6,43.663,13.287,1,-0.038,3.347
557,6,43.663,13.403,1,-0.005,3.483
558,6,43.663,13.521,1,0.023,3.549
559,6,43.665,13.639,1,0.045,3.544
560,6,43.667,13.755,1,0.063,3.470
561,6,43.670,13.866,1,0.075,3.324
562,6,43.672,13.969,1,0.082,3.109
563,6,43.675,14.064,1,0.084,2.824
564,6,43.678,14.146,1,0.080,2.468
565,6,43.680,14.214,1,0.072,2.042
566,6,43.682,14.265,1,0.058,1.545
567,6,43.683,14.298,1,0.038,0.979
568,6,43.684,14.309,1,0.014,0.342
569,6,43.684,14.309,1,0.000,-0.000
570,6,43.684,14.309,1,0.000,-0.000
571,6,43.684,14.309,1,0.000,-0.000
572,6,43.684,14.309,1,0.000,-0.000
573,6,43.684,14.309,1,0.000,-0.000
574,6,43.684,14.309,1,0.000,-0.000
575,6,43.684,14.309,1,0.000,-0.000
576,6,43.684,14.309,1,0.000,-0.000
577,6,43.684,14.309,1,0.000,-0.000
578,6,43.684,14.309,1,0.000,-0.000
579,6,43.684,14.309,1,0.000,-0.000
580,6,43.684,14.309,1,0.000,-0.000
581,6,43.684,14.309,1,0.000,-0.000
582,6,43.684,14.309,1,0.000,-0.000
583,6,43.684,14.309,1,0.000,-0.000
584,6,43.684,14.309,1,0.000,-0.000
585,6,43.684,14.309,1,0.000,-0.000
586,6,43.684,14.309,1,0.000,-0.000
587,6,43.684,14.309,1,0.000,-0.000
588,6,43.684,14.309,1,0.000,-0.000
589,6,43.684,14.309,1,0.000,-0.000
590,6,43.684,14.309,1,0.000,-0.000
591,6,43.684,14.309,1,0.000,-0.000
592,6,43.684,14.309,1,0.000,-0.000
593,6,43.684,14.309,1,0.000,-0.000
594,6,43.684,14.309,1,0.000,-0.000
595,6,43.684,14.309,1,0.000,-0.000
596,6,43.684,14.309,1,0.000,-0.000
597,6,43.684,14.309,1,0.000,-0.000
598,6,43.684,14.309,1,0.000,-0.000
599,6,43.684,14.309,1,0.000,-0.000
0,7,26.683,25.415,1,-0.025,-0.909
1,7,26.682,25.384,1,-0.025,-0.909
2,7,26.678,25.301,1,-0.122,-2.499
3,7,26.668,25.176,1,-0.290,-3.747
4,7,26.650,25.021,1,-0.528,-4.652
5,7,26.622,24.847,1,-0.837,-5.216
6,7,26.582,24.666,1,-1.216,-5.437
7,7,26.526,24.489,1,-1.665,-5.316
8,7,26.454,24.327,1,-2.185,-4.853
9,7,26.396,24.234,1,-1.722,-2.794
10,7,26.327,24.139,1,-2.085,-2.835
11,7,26.247,24.043,1,-2.386,-2.876
12,7,26.160,23.946,1,-2.622,-2.916
13,7,26.067,23.848,1,-2.796,-2.957
14,7,25.970,23.748,1,-2.906,-2.998
15,7,25.871,23.646,1,-2.953,-3.038
16,7,25.773,23.544,1,-2.937,-3.079
17,7,25.678,23.440,1,-2.857,-3.120
18,7,25.588,23.335,1,-2.714,-3.160
19,7,25.504,23.228,1,-2.508,-3.201
20,7,25.429,23.120,1,-2.238,-3.242
21,7,25.366,23.010,1,-1.905,-3.282
22,7,25.308,22.893,1,-1.734,-3.520
23,7,25.258,22.779,1,-1.502,-3.433
24,7,25.215,22.666,1,-1.299,-3.391
25,7,25.177,22.552,1,-1.126,-3.394
26,7,25.145,22.438,1,-0.983,-3.442
27,7,25.116,22.320,1,-0.870,-3.534
28,7,25.089,22.197,1,-0.786,-3.672
29,7,25.065,22.069,1,-0.732,-3.853
30,7,25.041,21.933,1,-0.709,-4.080
31,7,25.017,21.788,1,-0.715,-4.351
32,7,24.992,21.632,1,-0.750,-4.667
33,7,24.965,21.465,1,-0.816,-5.028
34,7,24.949,21.362,1,-0.483,-3.077
35,7,24.934,21.254,1,-0.469,-3.252
36,7,24.918,21.140,1,-0.455,-3.409
37,7,24.904,21.022,1,-0.443,-3.550
38,7,24.889,20.899,1,-0.432,-3.674
39,7,24.875,20.773,1,-0.422,-3.781
40,7,24.861,20.644,1,-0.413,-3.872
41,7,24.848,20.513,1,-0.405,-3.946
42,7,24.835,20.379,1,-0.398,-4.003
43,7,24.822,20.245,1,-0.393,-4.044
44,7,24.809,20.109,1,-0.388,-4.068
45,7,24.796,19.973,1,-0.385,-4.075
46,7,24.783,19.838,1,-0.383,-4.065
47,7,24.770,19.703,1,-0.382,-4.039
48,7,24.758,19.570,1,-0.382,-3.996
49,7,24.745,19.439,1,-0.383,-3.937
50,7,24.732,19.310,1,-0.385,-3.861
51,7,24.719,19.184,1,-0.388,-3.768
52,7,24.706,19.062,1,-0.393,-3.658
53,7,24.693,18.945,1,-0.398,-3.532
54,7,24.679,18.832,1,-0.405,-3.389
55,7,24.661,18.689,1,-0.530,-4.285
56,7,24.644,18.550,1,-0.519,-4.167
57,7,24.627,18.415,1,-0.511,-4.060
58,7,24.610,18.282,1,-0.505,-3.963
59,7,24.593,18.153,1,-0.502,-3.876
60,7,24.577,18.027,1,-0.501,-3.799
61,7,24.560,17.902,1,-0.503,-3.731
62,7,24.543,17.780,1,-0.507,-3.674
63,7,24.526,17.659,1,-0.514,-3.627
64,7,24.509,17.539,1,-0.523,-3.591
65,7,24.491,17.420,1,-0.535,-3.564
66,7,24.472,17.302,1,-0.549,-3.547
67,7,24.454,17.184,1,-0.566,-3.540
68,7,24.434,17.066,1,-0.585,-3.544
69,7,24.414,16.947,1,-0.607,-3.557
70,7,24.393,16.828,1,-0.631,-3.581
71,7,24.370,16.703,1,-0.684,-3.738
72,7,24.347,16.584,1,-0.681,-3.569
73,7,24.325,16.470,1,-0.682,-3.436
74,7,24.302,16.359,1,-0.688,-3.340
75,7,24.278,16.249,1,-0.699,-3.280
76,7,24.255,16.141,1,-0.714,-3.258
77,7,24.230,16.032,1,-0.734,-3.271
78,7,24.205,15.921,1,-0.759,-3.322
79,7,24.179,15.807,1,-0.788,-3.409
80,7,24.151,15.690,1,-0.821,-3.532
81,7,24.123,15.566,1,-0.859,-3.693
82,7,24.092,15.437,1,-0.902,-3.889
83,7,24.061,15.299,1,-0.949,-4.123
84,7,24.027,15.153,1,-1.001,-4.393
85,7,23.992,14.996,1,-1.058,-4.700
86,7,23.970,14.897,1,-0.677,-2.973
87,7,23.946,14.795,1,-0.722,-3.077
88,7,23.920,14.689,1,-0.763,-3.174
89,7,23.893,14.580,1,-0.799,-3.265
90,7,23.866,14.468,1,-0.832,-3.350
91,7,23.837,14.354,1,-0.860,-3.429
92,7,23.808,14.237,1,-0.883,-3.501
93,7,23.778,14.118,1,-0.903,-3.567
94,7,23.747,13.997,1,-0.918,-3.627
95,7,23.716,13.875,1,-0.929,-3.681
96,7,23.685,13.751,1,-0.935,-3.728
97,7,23.654,13.625,1,-0.938,-3.769
98,7,23.622,13.498,1,-0.936,-3.804
99,7,23.591,13.370,1,-0.929,-3.832
100,7,23.561,13.242,1,-0.919,-3.854
101,7,23.531,13.113,1,-0.904,-3.870
102,7,23.501,12.984,1,-0.885,-3.880
103,7,23.472,12.854,1,-0.862,-3.883
104,7,23.445,12.725,1,-0.834,-3.880
105,7,23.418,12.596,1,-0.802,-3.871
106,7,23.392,12.467,1,-0.766,-3.856
107,7,23.368,12.339,1,-0.725,-3.834
108,7,23.346,12.213,1,-0.680,-3.806
109,7,23.324,12.087,1,-0.631,-3.772
110,7,23.305,11.962,1,-0.578,-3.732
111,7,23.287,11.837,1,-0.550,-3.746
112,7,23.269,11.710,1,-0.550,-3.815
113,7,23.250,11.581,1,-0.547,-3.875
114,7,23.232,11.450,1,-0.541,-3.926
115,7,23.215,11.318,1,-0.532,-3.968
116,7,23.197,11.185,1,-0.520,-4.002
117,7,23.180,11.050,1,-0.505,-4.028
118,7,23.164,10.916,1,-0.487,-4.045
119,7,23.149,10.780,1,-0.466,-4.053
120,7,23.134,10.645,1,-0.442,-4.053
121,7,23.120,10.511,1,-0.415,-4.044
122,7,23.107,10.376,1,-0.385,-4.027
123,7,23.096,10.243,1,-0.352,-4.001
124,7,23.085,10.111,1,-0.316,-3.966
125,7,23.076,9.980,1,-0.277,-3.923
126,7,23.068,9.851,1,-0.236,-3.872
127,7,23.062,9.724,1,-0.191,-3.811
128,7,23.057,9.599,1,-0.143,-3.743
129,7,23.054,9.477,1,-0.092,-3.665
130,7,23.052,9.358,1,-0.039,-3.579
131,7,23.053,9.241,1,0.018,-3.485
132,7,23.056,9.129,1,0.077,-3.382
133,7,23.060,9.020,1,0.140,-3.270
134,7,23.067,8.915,1,0.205,-3.150
135,7,23.076,8.814,1,0.274,-3.021
136,7,23.094,8.654,1,0.544,-4.799
137,7,23.115,8.502,1,0.613,-4.561
138,7,23.138,8.357,1,0.697,-4.337
139,7,23.165,8.220,1,0.796,-4.126
140,7,23.195,8.089,1,0.911,-3.929
141,7,23.230,7.964,1,1.041,-3.746
142,7,23.269,7.845,1,1.186,-3.577
143,7,23.314,7.731,1,1.346,-3.421
144,7,23.365,7.621,1,1.521,-3.279
145,7,23.422,7.516,1,1.712,-3.151
146,7,23.486,7.415,1,1.918,-3.036
147,7,23.557,7.317,1,2.140,-2.935
148,7,23.636,7.222,1,2.376,-2.848
149,7,23.724,7.130,1,2.628,-2.775
150,7,23.820,7.039,1,2.895,-2.716
151,7,23.900,6.974,1,2.384,-1.971
152,7,23.986,6.911,1,2.592,-1.881
153,7,24.079,6.851,1,2.783,-1.796
154,7,24.178,6.794,1,2.958,-1.715
155,7,24.281,6.739,1,3.116,-1.639
156,7,24.390,6.687,1,3.259,-1.567
157,7,24.503,6.637,1,3.386,-1.499
158,7,24.620,6.589,1,3.496,-1.436
159,7,24.739,6.543,1,3.591,-1.378
160,7,24.862,6.499,1,3.669,-1.324
161,7,24.986,6.457,1,3.731,-1.275
162,7,25.112,6.416,1,3.778,-1.230
163,7,25.239,6.376,1,3.808,-1.190
164,7,25.366,6.338,1,3.822,-1.154
165,7,25.493,6.300,1,3.819,-1.122
166,7,25.620,6.264,1,3.801,-1.096
167,7,25.746,6.228,1,3.767,-1.073
168,7,25.870,6.193,1,3.716,-1.055
169,7,25.991,6.158,1,3.650,-1.042
170,7,26.110,6.124,1,3.567,-1.033
171,7,26.232,6.088,1,3.661,-1.057
172,7,26.352,6.055,1,3.582,-1.002
173,7,26.469,6.023,1,3.520,-0.951
174,7,26.585,5.993,1,3.475,-0.903
175,7,26.700,5.964,1,3.446,-0.858
176,7,26.814,5.937,1,3.433,-0.816
177,7,26.929,5.911,1,3.437,-0.777
178,7,27.044,5.887,1,3.458,-0.741
179,7,27.160,5.863,1,3.495,-0.708
180,7,27.279,5.840,1,3.548,-0.678
181,7,27.399,5.819,1,3.618,-0.651
182,7,27.523,5.798,1,3.705,-0.627
183,7,27.650,5.778,1,3.808,-0.606
184,7,27.781,5.758,1,3.928,-0.588
185,7,27.916,5.739,1,4.064,-0.573
186,7,28.057,5.720,1,4.217,-0.561
187,7,28.203,5.702,1,4.386,-0.552
188,7,28.355,5.684,1,4.572,-0.546
189,7,28.514,5.666,1,4.774,-0.543
190,7,28.616,5.655,1,3.054,-0.329
191,7,28.722,5.644,1,3.175,-0.322
192,7,28.832,5.633,1,3.287,-0.315
193,7,28.945,5.623,1,3.391,-0.307
194,7,29.061,5.613,1,3.486,-0.300
195,7,29.180,5.603,1,3.573,-0.293
196,7,29.302,5.594,1,3.652,-0.286
197,7,29.426,5.585,1,3.723,-0.279
198,7,29.552,5.576,1,3.785,-0.272
199,7,29.680,5.567,1,3.839,-0.264
200,7,29.809,5.558,1,3.884,-0.257
201,7,29.940,5.550,1,3.922,-0.250
202,7,30.072,5.542,1,3.951,-0.243
203,7,30.204,5.534,1,3.972,-0.236
204,7,30.337,5.526,1,3.984,-0.229
205,7,30.470,5.519,1,3.988,-0.222
206,7,30.603,5.512,1,3.984,-0.214
207,7,30.735,5.505,1,3.972,-0.207
208,7,30.867,5.498,1,3.951,-0.200
209,7,30.997,5.492,1,3.922,-0.193
210,7,31.127,5.485,1,3.884,-0.186
211,7,31.255,5.480,1,3.839,-0.179
212,7,31.381,5.474,1,3.785,-0.172
213,7,31.505,5.468,1,3.723,-0.164
214,7,31.627,5.463,1,3.652,-0.157
215,7,31.746,5.458,1,3.573,-0.150
216,7,31.862,5.453,1,3.486,-0.143
217,7,31.975,5.449,1,3.391,-0.136
218,7,32.085,5.444,1,3.287,-0.129
219,7,32.191,5.440,1,3.175,-0.122
220,7,32.292,5.437,1,3.054,-0.114
221,7,32.452,5.431,1,4.783,-0.160
222,7,32.605,5.427,1,4.597,-0.121
223,7,32.753,5.424,1,4.424,-0.086
224,7,32.895,5.423,1,4.265,-0.054
225,7,33.032,5.422,1,4.119,-0.026
226,7,33.165,5.422,1,3.987,-0.002
227,7,33.294,5.422,1,3.868,0.018
228,7,33.419,5.423,1,3.763,0.035
229,7,33.542,5.425,1,3.671,0.047
230,7,33.661,5.427,1,3.593,0.056
231,7,33.779,5.429,1,3.529,0.062
232,7,33.895,5.431,1,3.478,0.063
233,7,34.010,5.433,1,3.440,0.061
234,7,34.124,5.435,1,3.416,0.055
235,7,34.237,5.436,1,3.406,0.045
236,7,34.351,5.437,1,3.409,0.032
237,7,34.465,5.438,1,3.425,0.014
238,7,34.580,5.438,1,3.455,-0.007
239,7,34.697,5.437,1,3.499,-0.032
240,7,34.833,5.433,1,4.084,-0.114
241,7,34.963,5.426,1,3.902,-0.218
242,7,35.088,5.416,1,3.753,-0.301
243,7,35.209,5.404,1,3.636,-0.360
244,7,35.328,5.390,1,3.552,-0.397
245,7,35.444,5.377,1,3.501,-0.411
246,7,35.560,5.363,1,3.483,-0.403
247,7,35.677,5.351,1,3.497,-0.372
248,7,35.795,5.340,1,3.544,-0.318
249,7,35.916,5.332,1,3.624,-0.242
250,7,36.040,5.327,1,3.736,-0.143
251,7,36.170,5.327,1,3.881,-0.021
252,7,36.305,5.331,1,4.059,0.123
253,7,36.447,5.340,1,4.269,0.290
254,7,36.598,5.356,1,4.513,0.479
255,7,36.757,5.379,1,4.788,0.691
256,7,36.857,5.397,1,2.994,0.519
257,7,36.961,5.417,1,3.122,0.598
258,7,37.069,5.439,1,3.241,0.673
259,7,37.181,5.464,1,3.349,0.743
260,7,37.296,5.491,1,3.447,0.808
261,7,37.414,5.520,1,3.535,0.868
262,7,37.534,5.550,1,3.613,0.923
263,7,37.657,5.583,1,3.681,0.973
264,7,37.781,5.617,1,3.738,1.018
265,7,37.908,5.652,1,3.785,1.058
266,7,38.035,5.689,1,3.822,1.093
267,7,38.163,5.726,1,3.849,1.123
268,7,38.292,5.764,1,3.865,1.148
269,7,38.421,5.803,1,3.871,1.169
270,7,38.550,5.843,1,3.868,1.184
271,7,38.679,5.882,1,3.853,1.194
272,7,38.806,5.922,1,3.829,1.199
273,7,38.933,5.962,1,3.795,1.199
274,7,39.058,6.002,1,3.750,1.195
275,7,39.181,6.042,1,3.695,1.185
276,7,39.302,6.081,1,3.630,1.170
277,7,39.420,6.119,1,3.554,1.151
278,7,39.536,6.157,1,3.469,1.126
279,7,39.648,6.193,1,3.373,1.097
280,7,39.757,6.229,1,3.267,1.062
281,7,39.862,6.263,1,3.151,1.022
282,7,39.963,6.295,1,3.024,0.978
283,7,40.107,6.342,1,4.333,1.401
284,7,40.245,6.387,1,4.140,1.346
285,7,40.378,6.430,1,3.965,1.300
286,7,40.505,6.472,1,3.809,1.263
287,7,40.627,6.513,1,3.671,1.235
288,7,40.745,6.554,1,3.552,1.215
289,7,40.860,6.594,1,3.451,1.205
290,7,40.973,6.634,1,3.369,1.203
291,7,41.083,6.675,1,3.305,1.210
292,7,41.192,6.715,1,3.260,1.226
293,7,41.299,6.757,1,3.234,1.251
294,7,41.407,6.800,1,3.226,1.284
295,7,41.515,6.844,1,3.236,1.327
296,7,41.624,6.890,1,3.265,1.378
297,7,41.734,6.938,1,3.313,1.438
298,7,41.847,6.988,1,3.379,1.507
299,7,41.962,7.041,1,3.464,1.584
300,7,42.081,7.097,1,3.568,1.671
301,7,42.190,7.148,1,3.269,1.534
302,7,42.299,7.198,1,3.281,1.517
303,7,42.409,7.249,1,3.293,1.510
304,7,42.519,7.299,1,3.304,1.511
305,7,42.630,7.350,1,3.314,1.521
306,7,42.741,7.401,1,3.324,1.541
307,7,42.852,7.453,1,3.333,1.569
308,7,42.963,7.507,1,3.341,1.606
309,7,43.075,7.562,1,3.349,1.653
310,7,43.187,7.619,1,3.356,1.708
311,7,43.299,7.678,1,3.363,1.772
312,7,43.411,7.740,1,3.368,1.846
313,7,43.523,7.804,1,3.374,1.928
314,7,43.636,7.871,1,3.378,2.020
315,7,43.749,7.942,1,3.382,2.120
316,7,43.862,8.016,1,3.385,2.230
317,7,43.974,8.095,1,3.388,2.348
318,7,44.087,8.177,1,3.390,2.476
319,7,44.200,8.264,1,3.391,2.612
320,7,44.314,8.356,1,3.392,2.758
321,7,44.398,8.429,1,2.519,2.179
322,7,44.482,8.506,1,2.532,2.332
323,7,44.567,8.589,1,2.544,2.471
324,7,44.652,8.675,1,2.554,2.599
325,7,44.737,8.766,1,2.563,2.713
326,7,44.823,8.860,1,2.570,2.815
327,7,44.909,8.957,1,2.577,2.905
328,7,44.995,9.056,1,2.581,2.982
329,7,45.081,9.157,1,2.585,3.046
330,7,45.167,9.261,1,2.588,3.098
331,7,45.254,9.365,1,2.589,3.137
332,7,45.340,9.471,1,2.588,3.164
333,7,45.426,9.577,1,2.587,3.178
334,7,45.512,9.683,1,2.584,3.180
335,7,45.598,9.788,1,2.580,3.169
336,7,45.684,9.893,1,2.574,3.145
337,7,45.770,9.997,1,2.567,3.109
338,7,45.855,10.099,1,2.559,3.060
339,7,45.940,10.199,1,2.550,2.999
340,7,46.025,10.296,1,2.539,2.925
341,7,46.109,10.391,1,2.527,2.839
342,7,46.193,10.482,1,2.514,2.740
343,7,46.276,10.570,1,2.499,2.628
344,7,46.359,10.653,1,2.483,2.504
345,7,46.441,10.732,1,2.466,2.368
346,7,46.522,10.806,1,2.447,2.219
347,7,46.603,10.875,1,2.427,2.057
348,7,46.724,10.970,1,3.610,2.851
349,7,46.843,11.058,1,3.580,2.647
350,7,46.961,11.140,1,3.552,2.456
351,7,47.079,11.216,1,3.525,2.279
352,7,47.195,11.286,1,3.500,2.114
353,7,47.311,11.352,1,3.477,1.963
354,7,47.427,11.413,1,3.456,1.826
355,7,47.541,11.469,1,3.437,1.701
356,7,47.655,11.522,1,3.419,1.590
357,7,47.769,11.572,1,3.403,1.492
358,7,47.882,11.619,1,3.389,1.407
359,7,47.994,11.663,1,3.377,1.335
360,7,48.106,11.706,1,3.366,1.277
361,7,48.218,11.747,1,3.357,1.232
362,7,48.330,11.787,1,3.350,1.200
363,7,48.441,11.826,1,3.345,1.182
364,7,48.553,11.866,1,3.341,1.176
365,7,48.664,11.905,1,3.339,1.184
366,7,48.789,11.949,1,3.744,1.314
367,7,48.913,11.991,1,3.719,1.257
368,7,49.036,12.031,1,3.697,1.196
369,7,49.159,12.068,1,3.678,1.131
370,7,49.281,12.104,1,3.661,1.062
371,7,49.402,12.137,1,3.647,0.989
372,7,49.523,12.167,1,3.635,0.913
373,7,49.644,12.195,1,3.626,0.833
374,7,49.765,12.220,1,3.619,0.749
375,7,49.886,12.242,1,3.615,0.661
376,7,50.006,12.261,1,3.614,0.570
377,7,50.126,12.277,1,3.614,0.475
378,7,50.247,12.289,1,3.618,0.376
379,7,50.368,12.298,1,3.624,0.273
380,7,50.489,12.304,1,3.632,0.167
381,7,50.610,12.306,1,3.643,0.056
382,7,50.734,12.302,1,3.722,-0.104
383,7,50.863,12.293,1,3.847,-0.296
384,7,50.994,12.277,1,3.943,-0.465
385,7,51.128,12.257,1,4.011,-0.612
386,7,51.263,12.232,1,4.049,-0.736
387,7,51.398,12.204,1,4.059,-0.837
388,7,51.533,12.174,1,4.040,-0.916
389,7,51.666,12.141,1,3.992,-0.972
390,7,51.796,12.108,1,3.914,-1.006
391,7,51.923,12.074,1,3.808,-1.017
392,7,52.046,12.040,1,3.673,-1.005
393,7,52.163,12.008,1,3.509,-0.971
394,7,52.273,11.978,1,3.317,-0.914
395,7,52.376,11.950,1,3.095,-0.834
396,7,52.471,11.925,1,2.844,-0.732
397,7,52.557,11.905,1,2.564,-0.607
398,7,52.801,11.864,1,7.339,-1.248
399,7,52.939,11.851,1,4.146,-0.362
400,7,53.044,11.823,1,3.126,-0.845
401,7,53.186,11.733,1,4.280,-2.697
402,7,53.275,11.669,1,2.653,-1.921
403,7,53.385,11.589,1,3.323,-2.421
404,7,53.510,11.495,1,3.735,-2.802
405,7,53.640,11.393,1,3.890,-3.065
406,7,53.766,11.286,1,3.787,-3.209
407,7,53.880,11.178,1,3.426,-3.235
408,7,53.974,11.074,1,2.808,-3.142
409,7,54.038,10.976,1,1.932,-2.931
410,7,54.065,10.889,1,0.799,-2.601
411,7,54.045,10.818,1,-0.592,-2.153
412,7,54.000,10.773,1,-1.354,-1.326
413,7,53.932,10.731,1,-2.046,-1.273
414,7,53.843,10.691,1,-2.659,-1.210
415,7,53.737,10.653,1,-3.194,-1.138
416,7,53.615,10.617,1,-3.649,-1.057
417,7,53.481,10.585,1,-4.026,-0.966
418,7,53.337,10.556,1,-4.324,-0.866
419,7,53.185,10.531,1,-4.543,-0.756
420,7,53.029,10.510,1,-4.683,-0.637
421,7,52.871,10.493,1,-4.744,-0.509
422,7,52.713,10.481,1,-4.727,-0.371
423,7,52.559,10.473,1,-4.631,-0.224
424,7,52.410,10.471,1,-4.455,-0.068
425,7,52.270,10.474,1,-4.201,0.098
426,7,52.148,10.485,1,-3.659,0.328
427,7,52.020,10.506,1,-3.866,0.630
428,7,51.885,10.535,1,-4.031,0.886
429,7,51.747,10.572,1,-4.155,1.095
430,7,51.605,10.614,1,-4.237,1.258
431,7,51.463,10.660,1,-4.278,1.374
432,7,51.320,10.708,1,-4.277,1.443
433,7,51.179,10.757,1,-4.234,1.466
434,7,51.041,10.805,1,-4.150,1.443
435,7,50.907,10.851,1,-4.025,1.373
436,7,50.778,10.892,1,-3.858,1.256
437,7,50.656,10.929,1,-3.650,1.093
438,7,50.543,10.958,1,-3.400,0.884
439,7,50.439,10.979,1,-3.109,0.627
440,7,50.347,10.990,1,-2.776,0.325
441,7,50.267,10.989,1,-2.401,-0.025
442,7,50.103,10.942,1,-4.917,-1.415
443,7,49.995,10.847,1,-3.224,-2.846
444,7,49.934,10.717,1,-1.841,-3.896
445,7,49.909,10.565,1,-0.767,-4.564
446,7,49.908,10.404,1,-0.004,-4.850
447,7,49.923,10.245,1,0.449,-4.754
448,7,49.941,10.135,1,0.532,-3.305
449,7,49.969,10.011,1,0.843,-3.715
450,7,50.008,9.878,1,1.168,-3.983
451,7,50.058,9.741,1,1.508,-4.111
452,7,50.120,9.605,1,1.861,-4.097
453,7,50.195,9.473,1,2.228,-3.941
454,7,50.282,9.352,1,2.610,-3.644
455,7,50.382,9.245,1,3.006,-3.206
456,7,50.496,9.157,1,3.416,-2.627
457,7,50.585,9.109,1,2.686,-1.439
458,7,50.686,9.070,1,3.009,-1.172
459,7,50.795,9.039,1,3.291,-0.942
460,7,50.913,9.014,1,3.530,-0.750
461,7,51.037,8.994,1,3.727,-0.595
462,7,51.167,8.978,1,3.882,-0.478
463,7,51.300,8.965,1,3.994,-0.398
464,7,51.435,8.953,1,4.065,-0.356
465,7,51.572,8.941,1,4.093,-0.351
466,7,51.708,8.929,1,4.079,-0.384
467,7,51.842,8.914,1,4.022,-0.454
468,7,51.973,8.895,1,3.924,-0.562
469,7,52.099,8.871,1,3.783,-0.707
470,7,52.224,8.840,1,3.764,-0.939
471,7,52.353,8.800,1,3.874,-1.186
472,7,52.485,8.755,1,3.950,-1.365
473,7,52.618,8.706,1,3.994,-1.476
474,7,52.752,8.655,1,4.005,-1.519
475,7,52.884,8.605,1,3.983,-1.494
476,7,53.015,8.559,1,3.929,-1.401
477,7,53.143,8.517,1,3.841,-1.240
478,7,53.267,8.484,1,3.721,-1.011
479,7,53.386,8.460,1,3.567,-0.714
480,7,53.499,8.448,1,3.381,-0.349
481,7,53.604,8.451,1,3.163,0.084
482,7,53.701,8.471,1,2.911,0.585
483,7,53.808,8.512,1,3.205,1.252
484,7,53.910,8.569,1,3.048,1.707
485,7,54.006,8.640,1,2.875,2.135
486,7,54.095,8.725,1,2.686,2.537
487,7,54.178,8.822,1,2.482,2.911
488,7,54.253,8.930,1,2.263,3.258
489,7,54.321,9.050,1,2.028,3.578
490,7,54.380,9.179,1,1.778,3.871
491,7,54.431,9.317,1,1.512,4.136
492,7,54.472,9.463,1,1.231,4.375
493,7,54.503,9.615,1,0.934,4.587
494,7,54.516,9.716,1,0.392,3.020
495,7,54.524,9.826,1,0.230,3.312
496,7,54.526,9.945,1,0.082,3.566
497,7,54.525,10.071,1,-0.053,3.784
498,7,54.519,10.204,1,-0.175,3.964
499,7,54.509,10.340,1,-0.284,4.107
500,7,54.497,10.481,1,-0.379,4.213
501,7,54.481,10.624,1,-0.462,4.282
502,7,54.464,10.767,1,-0.530,4.314
503,7,54.444,10.911,1,-0.586,4.308
504,7,54.423,11.053,1,-0.629,4.266
505,7,54.401,11.193,1,-0.658,4.186
506,7,54.379,11.328,1,-0.674,4.070
507,7,54.356,11.459,1,-0.676,3.916
508,7,54.334,11.583,1,-0.666,3.725
509,7,54.313,11.700,1,-0.642,3.497
510,7,54.292,11.807,1,-0.605,3.232
511,7,54.274,11.905,1,-0.554,2.930
512,7,54.219,12.102,1,-1.644,5.895
513,7,54.142,12.277,1,-2.328,5.254
514,7,54.053,12.432,1,-2.650,4.644
515,7,53.966,12.567,1,-2.609,4.063
516,7,53.893,12.684,1,-2.207,3.513
517,7,53.845,12.784,1,-1.442,2.994
518,7,53.834,12.867,1,-0.315,2.504
519,7,53.873,12.936,1,1.174,2.044
520,7,53.942,12.977,1,2.066,1.231
521,7,54.045,13.011,1,3.091,1.023
522,7,54.175,13.037,1,3.908,0.792
523,7,54.326,13.055,1,4.516,0.538
524,7,54.490,13.064,1,4.915,0.261
525,7,54.660,13.062,1,5.104,-0.040
526,7,54.829,13.050,1,5.085,-0.364
527,7,54.991,13.027,1,4.856,-0.711
528,7,55.139,12.990,1,4.419,-1.081
529,7,55.264,12.941,1,3.773,-1.475
530,7,55.362,12.878,1,2.917,-1.891
531,7,55.424,12.799,1,1.869,-2.376
532,7,55.466,12.694,1,1.252,-3.157
533,7,55.491,12.568,1,0.757,-3.777
534,7,55.504,12.427,1,0.384,-4.237
535,7,55.508,12.276,1,0.134,-4.535
536,7,55.508,12.120,1,0.005,-4.672
537,7,55.508,11.965,1,-0.000,-4.648
538,7,55.512,11.816,1,0.116,-4.463
539,7,55.524,11.679,1,0.354,-4.117
540,7,55.548,11.558,1,0.715,-3.611
541,7,55.588,11.460,1,1.198,-2.943
542,7,55.648,11.390,1,1.803,-2.114
543,7,55.741,11.340,1,2.813,-1.506
544,7,55.862,11.308,1,3.623,-0.960
545,7,56.003,11.292,1,4.236,-0.464
546,7,56.159,11.292,1,4.651,-0.019
547,7,56.321,11.304,1,4.869,0.375
548,7,56.484,11.328,1,4.890,0.720
549,7,56.641,11.362,1,4.713,1.014
550,7,56.786,11.404,1,4.339,1.258
551,7,56.911,11.452,1,3.767,1.452
552,7,57.011,11.505,1,2.999,1.595
553,7,57.079,11.562,1,2.032,1.688
554,7,57.115,11.654,1,1.079,2.777
555,7,57.109,11.784,1,-0.186,3.880
556,7,57.070,11.937,1,-1.147,4.601
557,7,57.010,12.102,1,-1.804,4.940
558,7,56.938,12.265,1,-2.158,4.897
559,7,56.865,12.414,1,-2.207,4.473
560,7,56.800,12.536,1,-1.953,3.668
561,7,56.753,12.619,1,-1.395,2.481
562,7,56.735,12.649,1,-0.532,0.912
563,7,56.735,12.649,1,0.000,-0.000
564,7,56.735,12.649,1,0.000,-0.000
565,7,56.735,12.649,1,0.000,-0.000
566,7,56.735,12.649,1,0.000,-0.000
567,7,56.735,12.649,1,0.000,-0.000
568,7,56.735,12.649,1,0.000,-0.000
569,7,56.735,12.649,1,0.000,-0.000
570,7,56.735,12.649,1,0.000,-0.000
571,7,56.735,12.649,1,0.000,-0.000
572,7,56.735,12.649,1,0.000,-0.000
573,7,56.735,12.649,1,0.000,-0.000
574,7,56.735,12.649,1,0.000,-0.000
575,7,56.735,12.649,1,0.000,-0.000
576,7,56.735,12.649,1,0.000,-0.000
577,7,56.735,12.649,1,0.000,-0.000
578,7,56.735,12.649,1,0.000,-0.000
579,7,56.735,12.649,1,0.000,-0.000
580,7,56.735,12.649,1,0.000,-0.000
581,7,56.735,12.649,1,0.000,-0.000
582,7,56.735,12.649,1,0.000,-0.000
583,7,56.735,12.649,1,0.000,-0.000
584,7,56.735,12.649,1,0.000,-0.000
585,7,56.735,12.649,1,0.000,-0.000
586,7,56.735,12.649,1,0.000,-0.000
587,7,56.735,12.649,1,0.000,-0.000
588,7,56.735,12.649,1,0.000,-0.000
589,7,56.735,12.649,1,0.000,-0.000
590,7,56.735,12.649,1,0.000,-0.000
591,7,56.735,12.649,1,0.000,-0.000
592,7,56.735,12.649,1,0.000,-0.000
593,7,56.735,12.649,1,0.000,-0.000
594,7,56.735,12.649,1,0.000,-0.000
595,7,56.735,12.649,1,0.000,-0.000
596,7,56.735,12.649,1,0.000,-0.000
597,7,56.735,12.649,1,0.000,-0.000
598,7,56.735,12.649,1,0.000,-0.000
599,7,56.735,12.649,1,0.000,-0.000
0,8,39.562,25.415,1,-0.133,0.075
1,8,39.558,25.417,1,-0.133,0.075
2,8,39.545,25.424,1,-0.388,0.217
3,8,39.524,25.436,1,-0.623,0.349
4,8,39.496,25.452,1,-0.840,0.471
5,8,39.462,25.471,1,-1.038,0.583
6,8,39.421,25.494,1,-1.216,0.685
7,8,39.375,25.520,1,-1.376,0.777
8,8,39.325,25.548,1,-1.518,0.858
9,8,39.270,25.579,1,-1.640,0.929
10,8,39.212,25.612,1,-1.743,0.990
11,8,39.151,25.647,1,-1.828,1.041
12,8,39.088,25.683,1,-1.893,1.082
13,8,39.023,25.720,1,-1.940,1.113
14,8,38.958,25.758,1,-1.968,1.133
15,8,38.892,25.796,1,-1.977,1.144
16,8,38.826,25.834,1,-1.967,1.144
17,8,38.761,25.872,1,-1.938,1.134
18,8,38.698,25.909,1,-1.891,1.114
19,8,38.638,25.945,1,-1.824,1.083
20,8,38.580,25.980,1,-1.739,1.043
21,8,38.525,26.013,1,-1.635,0.992
22,8,38.475,26.044,1,-1.512,0.931
23,8,38.426,26.074,1,-1.458,0.886
24,8,38.377,26.103,1,-1.482,0.865
25,8,38.327,26.131,1,-1.501,0.848
26,8,38.276,26.159,1,-1.517,0.835
27,8,38.225,26.186,1,-1.528,0.825
28,8,38.174,26.214,1,-1.534,0.820
29,8,38.123,26.241,1,-1.536,0.818
30,8,38.072,26.268,1,-1.534,0.820
31,8,38.021,26.296,1,-1.528,0.827
32,8,37.970,26.324,1,-1.517,0.837
33,8,37.920,26.352,1,-1.502,0.850
34,8,37.871,26.381,1,-1.482,0.868
35,8,37.822,26.411,1,-1.459,0.890
36,8,37.774,26.441,1,-1.430,0.915
37,8,37.728,26.473,1,-1.398,0.945
38,8,37.683,26.505,1,-1.361,0.978
39,8,37.639,26.539,1,-1.320,1.015
40,8,37.596,26.574,1,-1.274,1.056
41,8,37.555,26.611,1,-1.224,1.101
42,8,37.516,26.649,1,-1.170,1.149
43,8,37.479,26.689,1,-1.111,1.202
44,8,37.444,26.731,1,-1.048,1.258
45,8,37.412,26.775,1,-0.964,1.326
46,8,37.381,26.825,1,-0.948,1.499
47,8,37.350,26.880,1,-0.930,1.651
48,8,37.319,26.940,1,-0.910,1.781
49,8,37.290,27.003,1,-0.886,1.889
50,8,37.261,27.069,1,-0.861,1.976
51,8,37.233,27.137,1,-0.832,2.041
52,8,37.207,27.206,1,-0.802,2.085
53,8,37.181,27.276,1,-0.768,2.107
54,8,37.157,27.346,1,-0.733,2.107
55,8,37.133,27.416,1,-0.694,2.086
56,8,37.112,27.484,1,-0.653,2.043
57,8,37.091,27.550,1,-0.610,1.979
58,8,37.073,27.613,1,-0.564,1.893
59,8,37.055,27.673,1,-0.515,1.785
60,8,37.040,27.728,1,-0.464,1.656
61,8,37.026,27.778,1,-0.410,1.505
62,8,37.014,27.822,1,-0.354,1.333
63,8,37.005,27.860,1,-0.296,1.139
64,8,36.997,27.891,1,-0.234,0.924
65,8,36.991,27.914,1,-0.171,0.686
66,8,36.988,27.928,1,-0.104,0.428
67,8,36.986,27.933,1,-0.035,0.147
68,8,36.986,27.933,1,0.000,-0.000
69,8,36.986,27.933,1,0.000,-0.000
70,8,36.986,27.933,1,0.000,-0.000
71,8,36.986,27.933,1,0.000,-0.000
72,8,36.986,27.933,1,0.000,-0.000
73,8,36.986,27.933,1,0.000,-0.000
74,8,36.986,27.933,1,0.000,-0.000
75,8,36.986,27.933,1,0.000,-0.000
76,8,36.986,27.933,1,0.000,-0.000
77,8,36.986,27.933,1,0.000,-0.000
78,8,36.986,27.933,1,0.000,-0.000
79,8,36.986,27.933,1,0.000,-0.000
80,8,36.986,27.933,1,0.000,-0.000
81,8,36.986,27.933,1,0.000,-0.000
82,8,36.986,27.933,1,0.000,-0.000
83,8,36.986,27.933,1,0.000,-0.000
84,8,36.986,27.933,1,0.000,-0.000
85,8,36.986,27.933,1,0.000,-0.000
86,8,36.986,27.933,1,0.000,-0.000
87,8,36.986,27.933,1,0.000,-0.000
88,8,36.986,27.933,1,0.000,-0.000
89,8,36.986,27.933,1,0.000,-0.000
90,8,36.986,27.933,1,0.000,-0.000
91,8,36.986,27.933,1,0.000,-0.000
92,8,36.986,27.933,1,0.000,-0.000
93,8,36.986,27.933,1,0.000,-0.000
94,8,36.986,27.933,1,0.000,-0.000
95,8,36.986,27.933,1,0.000,-0.000
96,8,36.986,27.933,1,0.000,-0.000
97,8,36.986,27.933,1,0.000,-0.000
98,8,36.989,27.936,1,0.088,0.093
99,8,36.998,27.945,1,0.259,0.271
100,8,37.012,27.960,1,0.421,0.435
101,8,37.031,27.979,1,0.576,0.585
102,8,37.055,28.003,1,0.722,0.722
103,8,37.084,28.032,1,0.860,0.846
104,8,37.117,28.064,1,0.989,0.956
105,8,37.154,28.099,1,1.111,1.053
106,8,37.195,28.137,1,1.224,1.137
107,8,37.239,28.177,1,1.329,1.207
108,8,37.287,28.219,1,1.426,1.263
109,8,37.337,28.262,1,1.515,1.307
110,8,37.390,28.307,1,1.595,1.336
111,8,37.446,28.352,1,1.667,1.353
112,8,37.503,28.397,1,1.732,1.356
113,8,37.563,28.442,1,1.787,1.345
114,8,37.624,28.486,1,1.835,1.322
115,8,37.687,28.529,1,1.875,1.284
116,8,37.750,28.570,1,1.906,1.234
117,8,37.815,28.609,1,1.929,1.169
118,8,37.879,28.645,1,1.944,1.092
119,8,37.944,28.679,1,1.951,1.001
120,8,38.009,28.709,1,1.949,0.897
121,8,38.074,28.735,1,1.940,0.779
122,8,38.118,28.750,1,1.309,0.472
123,8,38.163,28.766,1,1.350,0.463
124,8,38.209,28.781,1,1.388,0.453
125,8,38.256,28.796,1,1.425,0.444
126,8,38.305,28.810,1,1.461,0.434
127,8,38.355,28.824,1,1.494,0.424
128,8,38.406,28.838,1,1.526,0.414
129,8,38.458,28.852,1,1.556,0.404
130,8,38.510,28.865,1,1.584,0.394
131,8,38.564,28.878,1,1.611,0.384
132,8,38.619,28.890,1,1.636,0.374
133,8,38.674,28.902,1,1.659,0.363
134,8,38.730,28.914,1,1.680,0.352
135,8,38.787,28.925,1,1.699,0.342
136,8,38.844,28.936,1,1.717,0.331
137,8,38.902,28.947,1,1.733,0.320
138,8,38.960,28.957,1,1.747,0.309
139,8,39.019,28.967,1,1.759,0.298
140,8,39.078,28.977,1,1.770,0.287
141,8,39.137,28.986,1,1.779,0.275
142,8,39.196,28.995,1,1.786,0.264
143,8,39.256,29.003,1,1.791,0.252
144,8,39.316,29.011,1,1.795,0.240
145,8,39.376,29.019,1,1.797,0.229
146,8,39.436,29.026,1,1.797,0.217
147,8,39.495,29.033,1,1.795,0.205
148,8,39.555,29.039,1,1.791,0.192
149,8,39.615,29.045,1,1.786,0.180
150,8,39.674,29.051,1,1.779,0.168
151,8,39.733,29.056,1,1.770,0.155
152,8,39.792,29.061,1,1.759,0.143
153,8,39.850,29.065,1,1.747,0.130
154,8,39.908,29.069,1,1.733,0.117
155,8,39.965,29.073,1,1.717,0.104
156,8,40.022,29.076,1,1.699,0.091
157,8,40.078,29.078,1,1.680,0.078
158,8,40.133,29.080,1,1.675,0.061
159,8,40.190,29.082,1,1.686,0.041
160,8,40.246,29.082,1,1.696,0.021
161,8,40.303,29.082,1,1.705,0.002
162,8,40.360,29.082,1,1.713,-0.016
163,8,40.417,29.081,1,1.720,-0.033
164,8,40.475,29.079,1,1.726,-0.050
165,8,40.533,29.077,1,1.731,-0.066
166,8,40.590,29.074,1,1.735,-0.081
167,8,40.648,29.071,1,1.738,-0.095
168,8,40.706,29.067,1,1.740,-0.108
169,8,40.764,29.063,1,1.741,-0.121
170,8,40.822,29.059,1,1.741,-0.133
171,8,40.880,29.054,1,1.740,-0.144
172,8,40.938,29.049,1,1.738,-0.155
173,8,40.996,29.043,1,1.735,-0.164
174,8,41.054,29.038,1,1.731,-0.173
175,8,41.111,29.032,1,1.726,-0.181
176,8,41.169,29.025,1,1.720,-0.188
177,8,41.226,29.019,1,1.713,-0.195
178,8,41.283,29.012,1,1.705,-0.201
179,8,41.339,29.005,1,1.696,-0.206
180,8,41.396,28.998,1,1.686,-0.210
181,8,41.451,28.991,1,1.675,-0.213
182,8,41.507,28.984,1,1.663,-0.216
183,8,41.562,28.977,1,1.651,-0.218
184,8,41.616,28.969,1,1.637,-0.219
185,8,41.670,28.962,1,1.622,-0.219
186,8,41.724,28.955,1,1.606,-0.219
187,8,41.777,28.948,1,1.589,-0.218
188,8,41.829,28.940,1,1.571,-0.216
189,8,41.881,28.933,1,1.552,-0.213
190,8,41.932,28.926,1,1.532,-0.209
191,8,41.983,28.920,1,1.511,-0.205
192,8,42.032,28.913,1,1.490,-0.200
193,8,42.081,28.906,1,1.467,-0.194
194,8,42.145,28.898,1,1.932,-0.252
195,8,42.209,28.890,1,1.915,-0.249
196,8,42.272,28.882,1,1.897,-0.246
197,8,42.335,28.873,1,1.879,-0.244
198,8,42.397,28.865,1,1.860,-0.244
199,8,42.459,28.857,1,1.841,-0.244
200,8,42.519,28.849,1,1.822,-0.246
201,8,42.579,28.841,1,1.801,-0.249
202,8,42.639,28.832,1,1.781,-0.252
203,8,42.697,28.824,1,1.760,-0.257
204,8,42.755,28.815,1,1.738,-0.263
205,8,42.812,28.806,1,1.716,-0.270
206,8,42.869,28.797,1,1.693,-0.277
207,8,42.925,28.787,1,1.670,-0.286
208,8,42.979,28.777,1,1.646,-0.296
209,8,43.033,28.767,1,1.621,-0.307
210,8,43.087,28.756,1,1.597,-0.319
211,8,43.139,28.745,1,1.571,-0.332
212,8,43.191,28.734,1,1.545,-0.346
213,8,43.241,28.722,1,1.519,-0.362
214,8,43.291,28.709,1,1.492,-0.378
215,8,43.340,28.696,1,1.464,-0.395
216,8,43.388,28.682,1,1.436,-0.413
217,8,43.434,28.668,1,1.408,-0.433
218,8,43.480,28.653,1,1.379,-0.453
219,8,43.525,28.637,1,1.349,-0.475
220,8,43.569,28.620,1,1.319,-0.497
221,8,43.630,28.595,1,1.806,-0.755
222,8,43.687,28.568,1,1.718,-0.816
223,8,43.741,28.539,1,1.636,-0.871
224,8,43.793,28.508,1,1.562,-0.919
225,8,43.843,28.476,1,1.493,-0.962
226,8,43.891,28.443,1,1.432,-0.998
227,8,43.937,28.409,1,1.378,-1.029
228,8,43.981,28.373,1,1.330,-1.053
229,8,44.024,28.338,1,1.289,-1.072
230,8,44.066,28.302,1,1.254,-1.084
231,8,44.107,28.265,1,1.227,-1.091
232,8,44.147,28.229,1,1.206,-1.091
233,8,44.187,28.193,1,1.192,-1.086
234,8,44.226,28.157,1,1.185,-1.074
235,8,44.266,28.122,1,1.184,-1.057
236,8,44.305,28.087,1,1.191,-1.033
237,8,44.346,28.054,1,1.204,-1.004
238,8,44.386,28.021,1,1.223,-0.968
239,8,44.428,27.991,1,1.250,-0.927
240,8,44.480,27.954,1,1.559,-1.085
241,8,44.535,27.918,1,1.654,-1.105
242,8,44.593,27.880,1,1.725,-1.116
243,8,44.652,27.843,1,1.770,-1.121
244,8,44.711,27.806,1,1.790,-1.117
245,8,44.771,27.769,1,1.785,-1.106
246,8,44.829,27.733,1,1.755,-1.088
247,8,44.886,27.697,1,1.700,-1.062
248,8,44.940,27.663,1,1.619,-1.028
249,8,44.990,27.630,1,1.514,-0.987
250,8,45.036,27.599,1,1.383,-0.939
251,8,45.077,27.569,1,1.227,-0.883
252,8,45.112,27.542,1,1.046,-0.819
253,8,45.140,27.517,1,0.839,-0.748
254,8,45.160,27.495,1,0.608,-0.669
255,8,45.172,27.475,1,0.351,-0.582
256,8,45.172,27.455,1,-0.012,-0.624
257,8,45.148,27.452,1,-0.718,-0.087
258,8,45.104,27.460,1,-1.305,0.266
259,8,45.045,27.475,1,-1.771,0.436
260,8,44.975,27.489,1,-2.118,0.422
261,8,44.897,27.497,1,-2.344,0.224
262,8,44.815,27.491,1,-2.450,-0.158
263,8,44.734,27.467,1,-2.436,-0.723
264,8,44.657,27.418,1,-2.302,-1.472
265,8,44.629,27.392,1,-0.832,-0.777
266,8,44.601,27.362,1,-0.849,-0.893
267,8,44.572,27.329,1,-0.866,-1.000
268,8,44.543,27.292,1,-0.883,-1.099
269,8,44.513,27.253,1,-0.900,-1.188
270,8,44.482,27.211,1,-0.916,-1.269
271,8,44.451,27.166,1,-0.931,-1.340
272,8,44.420,27.119,1,-0.947,-1.403
273,8,44.388,27.071,1,-0.961,-1.456
274,8,44.355,27.021,1,-0.976,-1.501
275,8,44.322,26.969,1,-0.990,-1.537
276,8,44.289,26.917,1,-1.004,-1.564
277,8,44.255,26.864,1,-1.017,-1.582
278,8,44.220,26.811,1,-1.030,-1.591
279,8,44.185,26.758,1,-1.043,-1.591
280,8,44.150,26.706,1,-1.055,-1.582
281,8,44.115,26.654,1,-1.067,-1.564
282,8,44.079,26.602,1,-1.079,-1.537
283,8,44.042,26.552,1,-1.090,-1.501
284,8,44.006,26.504,1,-1.101,-1.456
285,8,43.969,26.457,1,-1.111,-1.403
286,8,43.931,26.412,1,-1.121,-1.340
287,8,43.894,26.370,1,-1.131,-1.269
288,8,43.856,26.330,1,-1.140,-1.188
289,8,43.813,26.290,1,-1.288,-1.225
290,8,43.767,26.250,1,-1.361,-1.179
291,8,43.720,26.212,1,-1.424,-1.137
292,8,43.671,26.176,1,-1.478,-1.099
293,8,43.620,26.140,1,-1.523,-1.065
294,8,43.568,26.106,1,-1.558,-1.034
295,8,43.515,26.072,1,-1.585,-1.008
296,8,43.462,26.039,1,-1.602,-0.985
297,8,43.408,26.007,1,-1.610,-0.967
298,8,43.354,25.975,1,-1.609,-0.952
299,8,43.301,25.944,1,-1.599,-0.941
300,8,43.248,25.913,1,-1.579,-0.934
301,8,43.197,25.882,1,-1.550,-0.931
302,8,43.146,25.851,1,-1.513,-0.931
303,8,43.097,25.820,1,-1.465,-0.936
304,8,43.050,25.788,1,-1.409,-0.944
305,8,43.006,25.756,1,-1.344,-0.956
306,8,42.963,25.724,1,-1.269,-0.973
307,8,42.924,25.691,1,-1.185,-0.993
308,8,42.887,25.657,1,-1.092,-1.016
309,8,42.855,25.622,1,-0.990,-1.044
310,8,42.825,25.586,1,-0.878,-1.076
311,8,42.789,25.532,1,-1.099,-1.625
312,8,42.758,25.477,1,-0.905,-1.664
313,8,42.734,25.420,1,-0.731,-1.698
314,8,42.715,25.363,1,-0.577,-1.725
315,8,42.700,25.304,1,-0.442,-1.747
316,8,42.689,25.246,1,-0.328,-1.762
317,8,42.681,25.187,1,-0.233,-1.771
318,8,42.676,25.127,1,-0.158,-1.774
319,8,42.673,25.068,1,-0.103,-1.771
320,8,42.670,25.010,1,-0.068,-1.762
321,8,42.669,24.951,1,-0.053,-1.747
322,8,42.667,24.894,1,-0.057,-1.725
323,8,42.664,24.837,1,-0.082,-1.698
324,8,42.660,24.782,1,-0.126,-1.664
325,8,42.653,24.728,1,-0.190,-1.625
326,8,42.644,24.667,1,-0.273,-1.811
327,8,42.635,24.609,1,-0.284,-1.744
328,8,42.625,24.553,1,-0.285,-1.691
329,8,42.616,24.498,1,-0.277,-1.652
330,8,42.608,24.444,1,-0.260,-1.627
331,8,42.600,24.390,1,-0.234,-1.616
332,8,42.593,24.336,1,-0.198,-1.619
333,8,42.588,24.281,1,-0.152,-1.636
334,8,42.585,24.226,1,-0.098,-1.667
335,8,42.584,24.169,1,-0.034,-1.713
336,8,42.585,24.109,1,0.040,-1.772
337,8,42.589,24.048,1,0.123,-1.845
338,8,42.596,23.983,1,0.215,-1.933
339,8,42.602,23.935,1,0.174,-1.454
340,8,42.607,23.885,1,0.149,-1.497
341,8,42.611,23.834,1,0.134,-1.536
342,8,42.616,23.782,1,0.132,-1.571
343,8,42.621,23.728,1,0.141,-1.601
344,8,42.626,23.674,1,0.161,-1.626
345,8,42.632,23.619,1,0.193,-1.648
346,8,42.640,23.564,1,0.236,-1.664
347,8,42.650,23.508,1,0.291,-1.677
348,8,42.662,23.451,1,0.357,-1.685
349,8,42.676,23.395,1,0.435,-1.688
350,8,42.694,23.339,1,0.524,-1.687
351,8,42.715,23.283,1,0.625,-1.682
352,8,42.739,23.227,1,0.737,-1.672
353,8,42.768,23.172,1,0.861,-1.658
354,8,42.801,23.117,1,0.996,-1.640
355,8,42.839,23.063,1,1.142,-1.617
356,8,42.882,23.010,1,1.300,-1.589
357,8,42.912,22.978,1,0.898,-0.977
358,8,42.945,22.945,1,0.973,-0.977
359,8,42.980,22.913,1,1.044,-0.976
360,8,43.017,22.880,1,1.111,-0.976
361,8,43.056,22.848,1,1.174,-0.975
362,8,43.097,22.815,1,1.233,-0.974
363,8,43.140,22.783,1,1.287,-0.973
364,8,43.184,22.750,1,1.337,-0.971
365,8,43.230,22.718,1,1.383,-0.969
366,8,43.278,22.686,1,1.424,-0.968
367,8,43.327,22.654,1,1.462,-0.965
368,8,43.376,22.622,1,1.495,-0.963
369,8,43.427,22.590,1,1.524,-0.961
370,8,43.479,22.558,1,1.549,-0.958
371,8,43.531,22.526,1,1.569,-0.955
372,8,43.584,22.494,1,1.585,-0.952
373,8,43.637,22.462,1,1.597,-0.948
374,8,43.691,22.431,1,1.605,-0.945
375,8,43.744,22.400,1,1.609,-0.941
376,8,43.798,22.368,1,1.608,-0.937
377,8,43.851,22.337,1,1.603,-0.933
378,8,43.905,22.306,1,1.594,-0.928
379,8,43.957,22.276,1,1.581,-0.924
380,8,44.009,22.245,1,1.563,-0.919
381,8,44.061,22.214,1,1.542,-0.914
382,8,44.111,22.184,1,1.516,-0.908
383,8,44.161,22.154,1,1.485,-0.903
384,8,44.209,22.124,1,1.451,-0.897
385,8,44.256,22.094,1,1.412,-0.891
386,8,44.306,22.062,1,1.497,-0.962
387,8,44.356,22.030,1,1.501,-0.976
388,8,44.406,21.997,1,1.504,-0.988
389,8,44.457,21.964,1,1.506,-0.997
390,8,44.507,21.930,1,1.508,-1.004
391,8,44.557,21.897,1,1.509,-1.009
392,8,44.607,21.863,1,1.509,-1.011
393,8,44.658,21.829,1,1.508,-1.011
394,8,44.708,21.796,1,1.506,-1.009
395,8,44.758,21.762,1,1.504,-1.004
396,8,44.808,21.729,1,1.501,-0.997
397,8,44.858,21.696,1,1.497,-0.988
398,8,44.908,21.663,1,1.492,-0.976
399,8,44.957,21.631,1,1.487,-0.962
400,8,45.007,21.600,1,1.480,-0.945
401,8,45.056,21.569,1,1.473,-0.927
402,8,45.105,21.539,1,1.466,-0.905
403,8,45.153,21.509,1,1.457,-0.882
404,8,45.201,21.481,1,1.447,-0.856
405,8,45.249,21.453,1,1.437,-0.828
406,8,45.297,21.427,1,1.426,-0.797
407,8,45.344,21.401,1,1.414,-0.764
408,8,45.391,21.377,1,1.402,-0.729
409,8,45.437,21.354,1,1.389,-0.691
410,8,45.483,21.332,1,1.374,-0.651
411,8,45.528,21.312,1,1.359,-0.609
412,8,45.573,21.293,1,1.344,-0.564
413,8,45.635,21.269,1,1.866,-0.724
414,8,45.695,21.248,1,1.807,-0.640
415,8,45.754,21.229,1,1.755,-0.561
416,8,45.811,21.213,1,1.711,-0.489
417,8,45.867,21.198,1,1.675,-0.423
418,8,45.922,21.186,1,1.646,-0.362
419,8,45.976,21.176,1,1.624,-0.308
420,8,46.029,21.168,1,1.610,-0.260
421,8,46.083,21.160,1,1.604,-0.217
422,8,46.136,21.154,1,1.605,-0.181
423,8,46.190,21.149,1,1.613,-0.151
424,8,46.244,21.145,1,1.629,-0.126
425,8,46.299,21.141,1,1.653,-0.108
426,8,46.356,21.138,1,1.684,-0.096
427,8,46.413,21.135,1,1.722,-0.090
428,8,46.472,21.132,1,1.768,-0.089
429,8,46.533,21.129,1,1.822,-0.095
430,8,46.595,21.125,1,1.883,-0.107
431,8,46.661,21.121,1,1.952,-0.125
432,8,46.712,21.117,1,1.546,-0.116
433,8,46.766,21.113,1,1.611,-0.139
434,8,46.821,21.108,1,1.669,-0.158
435,8,46.879,21.102,1,1.721,-0.173
436,8,46.938,21.096,1,1.766,-0.183
437,8,46.998,21.089,1,1.804,-0.189
438,8,47.059,21.083,1,1.836,-0.191
439,8,47.121,21.077,1,1.861,-0.188
440,8,47.184,21.071,1,1.880,-0.182
441,8,47.247,21.065,1,1.892,-0.170
442,8,47.310,21.060,1,1.898,-0.155
443,8,47.373,21.055,1,1.896,-0.135
444,8,47.436,21.052,1,1.889,-0.111
445,8,47.499,21.049,1,1.874,-0.083
446,8,47.560,21.047,1,1.854,-0.051
447,8,47.621,21.047,1,1.826,-0.014
448,8,47.681,21.048,1,1.792,0.027
449,8,47.739,21.050,1,1.751,0.073
450,8,47.796,21.054,1,1.704,0.122
451,8,47.851,21.060,1,1.650,0.176
452,8,47.904,21.068,1,1.590,0.235
453,8,47.955,21.078,1,1.523,0.297
454,8,48.003,21.090,1,1.449,0.364
455,8,48.049,21.104,1,1.369,0.435
456,8,48.092,21.121,1,1.282,0.510
457,8,48.145,21.148,1,1.594,0.790
458,8,48.196,21.178,1,1.527,0.919
459,8,48.244,21.213,1,1.460,1.037
460,8,48.291,21.251,1,1.394,1.146
461,8,48.335,21.293,1,1.327,1.245
462,8,48.377,21.337,1,1.261,1.334
463,8,48.417,21.384,1,1.194,1.413
464,8,48.454,21.434,1,1.127,1.483
465,8,48.490,21.485,1,1.061,1.543
466,8,48.523,21.538,1,0.994,1.593
467,8,48.554,21.592,1,0.928,1.633
468,8,48.583,21.648,1,0.861,1.663
469,8,48.609,21.704,1,0.794,1.684
470,8,48.633,21.761,1,0.728,1.695
471,8,48.655,21.817,1,0.661,1.697
472,8,48.675,21.873,1,0.595,1.688
473,8,48.693,21.929,1,0.528,1.670
474,8,48.708,21.984,1,0.461,1.642
475,8,48.721,22.037,1,0.395,1.604
476,8,48.733,22.091,1,0.344,1.623
477,8,48.743,22.148,1,0.305,1.697
478,8,48.752,22.207,1,0.262,1.760
479,8,48.759,22.267,1,0.213,1.812
480,8,48.764,22.329,1,0.158,1.853
481,8,48.767,22.391,1,0.099,1.882
482,8,48.768,22.455,1,0.034,1.900
483,8,48.767,22.518,1,-0.036,1.907
484,8,48.764,22.582,1,-0.112,1.902
485,8,48.757,22.645,1,-0.192,1.886
486,8,48.748,22.707,1,-0.278,1.859
487,8,48.736,22.767,1,-0.369,1.821
488,8,48.720,22.826,1,-0.466,1.771
489,8,48.701,22.883,1,-0.567,1.711
490,8,48.679,22.938,1,-0.674,1.638
491,8,48.652,22.990,1,-0.786,1.555
492,8,48.622,23.038,1,-0.904,1.460
493,8,48.588,23.084,1,-1.027,1.355
494,8,48.550,23.125,1,-1.154,1.237
495,8,48.517,23.154,1,-0.979,0.870
496,8,48.481,23.181,1,-1.077,0.825
497,8,48.442,23.207,1,-1.171,0.781
498,8,48.400,23.232,1,-1.258,0.740
499,8,48.355,23.255,1,-1.340,0.700
500,8,48.308,23.277,1,-1.417,0.661
501,8,48.259,23.298,1,-1.487,0.624
502,8,48.207,23.318,1,-1.553,0.589
503,8,48.153,23.336,1,-1.612,0.556
504,8,48.098,23.354,1,-1.666,0.524
505,8,48.040,23.370,1,-1.714,0.493
506,8,47.982,23.386,1,-1.757,0.465
507,8,47.922,23.400,1,-1.794,0.438
508,8,47.861,23.414,1,-1.826,0.413
509,8,47.799,23.427,1,-1.852,0.389
510,8,47.737,23.439,1,-1.872,0.367
511,8,47.674,23.451,1,-1.887,0.347
512,8,47.611,23.462,1,-1.896,0.328
513,8,47.548,23.472,1,-1.900,0.311
514,8,47.484,23.482,1,-1.897,0.296
515,8,47.421,23.491,1,-1.890,0.282
516,8,47.359,23.500,1,-1.876,0.270
517,8,47.297,23.509,1,-1.858,0.259
518,8,47.236,23.517,1,-1.833,0.251
519,8,47.176,23.526,1,-1.803,0.243
520,8,47.124,23.531,1,-1.554,0.178
521,8,47.071,23.536,1,-1.580,0.124
522,8,47.018,23.538,1,-1.604,0.074
523,8,46.964,23.539,1,-1.627,0.029
524,8,46.909,23.539,1,-1.647,-0.012
525,8,46.853,23.537,1,-1.665,-0.048
526,8,46.797,23.534,1,-1.681,-0.079
527,8,46.741,23.531,1,-1.695,-0.106
528,8,46.684,23.527,1,-1.706,-0.128
529,8,46.627,23.522,1,-1.716,-0.145
530,8,46.569,23.516,1,-1.723,-0.158
531,8,46.512,23.511,1,-1.729,-0.166
532,8,46.454,23.505,1,-1.732,-0.170
533,8,46.396,23.500,1,-1.733,-0.168
534,8,46.338,23.494,1,-1.732,-0.163
535,8,46.281,23.489,1,-1.729,-0.152
536,8,46.223,23.485,1,-1.724,-0.137
537,8,46.166,23.481,1,-1.716,-0.117
538,8,46.109,23.478,1,-1.707,-0.093
539,8,46.053,23.475,1,-1.695,-0.064
540,8,45.997,23.474,1,-1.682,-0.030
541,8,45.941,23.475,1,-1.666,0.008
542,8,45.886,23.476,1,-1.648,0.051
543,8,45.832,23.480,1,-1.628,0.099
544,8,45.778,23.485,1,-1.606,0.151
545,8,45.726,23.492,1,-1.582,0.208
546,8,45.674,23.501,1,-1.555,0.270
547,8,45.623,23.512,1,-1.527,0.336
548,8,45.573,23.526,1,-1.496,0.407
549,8,45.519,23.544,1,-1.626,0.546
550,8,45.462,23.566,1,-1.692,0.675
551,8,45.404,23.593,1,-1.747,0.793
552,8,45.344,23.623,1,-1.793,0.899
553,8,45.283,23.656,1,-1.828,0.993
554,8,45.222,23.692,1,-1.854,1.076
555,8,45.159,23.730,1,-1.870,1.146
556,8,45.097,23.770,1,-1.875,1.205
557,8,45.034,23.812,1,-1.871,1.252
558,8,44.972,23.855,1,-1.857,1.288
559,8,44.911,23.898,1,-1.833,1.311
560,8,44.851,23.943,1,-1.799,1.323
561,8,44.793,23.987,1,-1.755,1.323
562,8,44.736,24.030,1,-1.701,1.311
563,8,44.682,24.073,1,-1.637,1.288
564,8,44.630,24.115,1,-1.563,1.252
565,8,44.580,24.155,1,-1.480,1.205
566,8,44.534,24.193,1,-1.386,1.146
567,8,44.491,24.229,1,-1.282,1.076
568,8,44.452,24.262,1,-1.169,0.993
569,8,44.418,24.292,1,-1.045,0.899
570,8,44.387,24.319,1,-0.912,0.793
571,8,44.362,24.341,1,-0.768,0.675
572,8,44.341,24.359,1,-0.615,0.546
573,8,44.326,24.373,1,-0.451,0.404
574,8,44.317,24.381,1,-0.278,0.251
575,8,44.314,24.384,1,-0.095,0.086
576,8,44.314,24.384,1,0.000,-0.000
577,8,44.314,24.384,1,0.000,-0.000
578,8,44.314,24.384,1,0.000,-0.000
579,8,44.314,24.384,1,0.000,-0.000
580,8,44.314,24.384,1,0.000,-0.000
581,8,44.314,24.384,1,0.000,-0.000
582,8,44.314,24.384,1,0.000,-0.000
583,8,44.314,24.384,1,0.000,-0.000
584,8,44.314,24.384,1,0.000,-0.000
585,8,44.314,24.384,1,0.000,-0.000
586,8,44.314,24.384,1,0.000,-0.000
587,8,44.314,24.384,1,0.000,-0.000
588,8,44.314,24.384,1,0.000,-0.000
589,8,44.314,24.384,1,0.000,-0.000
590,8,44.314,24.384,1,0.000,-0.000
591,8,44.314,24.384,1,0.000,-0.000
592,8,44.314,24.384,1,0.000,-0.000
593,8,44.314,24.384,1,0.000,-0.000
594,8,44.314,24.384,1,0.000,-0.000
595,8,44.314,24.384,1,0.000,-0.000
596,8,44.314,24.384,1,0.000,-0.000
597,8,44.314,24.384,1,0.000,-0.000
598,8,44.314,24.384,1,0.000,-0.000
599,8,44.314,24.384,1,0.000,-0.000
